{"type":"FeatureCollection","generated":"2026-08-10T15:11:34+00:00","features":[{"type":"Feature","geometry":{"type":"Point","coordinates":[13.142278,52.432705]},"properties":{"id":"BE-B334","name":"Alter Hof","region":"berlin","area":"Steglitz-Zehlendorf","water":"Unterhavel","status":"green","status_label":"Zum Baden geeignet","date":"2026-07-28","temp":21.1,"visibility":"1","ecoli":"<15","entero":"<15","coliform":"<300","warn":null,"info":"Blaualgenmassenentwicklungen im Hoch- und Spätsommer möglich","forecast":null,"eu_class":"ausgezeichnet","link":"https://www.berlin.de/lageso/gesundheit/gesundheitsschutz/badegewaesser/badestellen/artikel.344360.php","pct":{"ecoli":72,"entero":62,"visibility":33,"temp":44},"pct_n":{"ecoli":292,"entero":292,"visibility":290,"temp":292}}},{"type":"Feature","geometry":{"type":"Point","coordinates":[13.622537,52.407498]},"properties":{"id":"BE-B225","name":"Bammelecke","region":"berlin","area":"Treptow-Köpenick","water":"Dahme","status":"green","status_label":"Zum Baden geeignet","date":"2026-08-04","temp":23.8,"visibility":"0,8","ecoli":"<15","entero":"61","coliform":"<300","warn":null,"info":"Blaualgenmassenentwicklungen im Hoch- und Spätsommer möglich","forecast":null,"eu_class":"ausgezeichnet","link":"https://www.berlin.de/lageso/gesundheit/gesundheitsschutz/badegewaesser/badestellen/artikel.344320.php","pct":{"ecoli":72,"entero":9,"visibility":17,"temp":83},"pct_n":{"ecoli":292,"entero":292,"visibility":290,"temp":292}}},{"type":"Feature","geometry":{"type":"Point","coordinates":[13.179797,52.465753]},"properties":{"id":"BE-B332","name":"Breitehorn","region":"berlin","area":"Spandau","water":"Unterhavel","status":"green","status_label":"Zum Baden geeignet","date":"2026-07-28","temp":20.7,"visibility":"0,8","ecoli":"<15","entero":"<15","coliform":"<300","warn":null,"info":"Blaualgenmassenentwicklungen im Hoch- und Spätsommer möglich","forecast":"ausgezeichnet","eu_class":"ausgezeichnet","link":"https://www.berlin.de/lageso/gesundheit/gesundheitsschutz/badegewaesser/badestellen/artikel.344350.php","pct":{"ecoli":72,"entero":62,"visibility":17,"temp":24},"pct_n":{"ecoli":292,"entero":292,"visibility":290,"temp":292}}},{"type":"Feature","geometry":{"type":"Point","coordinates":[13.211244,52.584988]},"properties":{"id":"BE-B304","name":"Bürgerablage","region":"berlin","area":"Spandau","water":"Oberhavel","status":"green","status_label":"Zum Baden geeignet","date":"2026-07-27","temp":21.4,"visibility":"1","ecoli":"15","entero":"<15","coliform":"<300","warn":null,"info":null,"forecast":null,"eu_class":"ausgezeichnet","link":"https://www.berlin.de/lageso/gesundheit/gesundheitsschutz/badegewaesser/badestellen/artikel.344337.php","pct":{"ecoli":72,"entero":62,"visibility":33,"temp":53},"pct_n":{"ecoli":292,"entero":292,"visibility":290,"temp":292}}},{"type":"Feature","geometry":{"type":"Point","coordinates":[13.735113,52.42692]},"properties":{"id":"BE-B105","name":"Dämeritzsee","region":"berlin","area":"Treptow-Köpenick","water":"Großer Müggelsee","status":"green","status_label":"Zum Baden geeignet","date":"2026-08-04","temp":23.8,"visibility":"1,1","ecoli":"<15","entero":"<15","coliform":"<300","warn":null,"info":null,"forecast":null,"eu_class":"ausgezeichnet","link":"https://www.berlin.de/lageso/gesundheit/gesundheitsschutz/badegewaesser/badestellen/artikel.344321.php","pct":{"ecoli":72,"entero":62,"visibility":44,"temp":83},"pct_n":{"ecoli":292,"entero":292,"visibility":290,"temp":292}}},{"type":"Feature","geometry":{"type":"Point","coordinates":[13.284889,52.569786]},"properties":{"id":"BE-B920","name":"Flughafensee","region":"berlin","area":"Reinickendorf","water":"Flughafensee","status":"green","status_label":"Zum Baden geeignet","date":"2026-08-05","temp":24.3,"visibility":"> 1","ecoli":"<15","entero":"<15","coliform":"<300","warn":null,"info":null,"forecast":null,"eu_class":"ausgezeichnet","link":"https://www.berlin.de/lageso/gesundheit/gesundheitsschutz/badegewaesser/badestellen/artikel.344334.php","pct":{"ecoli":72,"entero":62,"visibility":33,"temp":87},"pct_n":{"ecoli":292,"entero":292,"visibility":290,"temp":292}}},{"type":"Feature","geometry":{"type":"Point","coordinates":[13.630692,52.445836]},"properties":{"id":"BE-B118","name":"Friedrichshagen, Strandbad","region":"berlin","area":"Treptow-Köpenick","water":"Großer Müggelsee","status":"green","status_label":"Zum Baden geeignet","date":"2026-08-04","temp":24.1,"visibility":"0,8","ecoli":"<15","entero":"<15","coliform":"360","warn":null,"info":"Blaualgenmassenentwicklungen im Hoch- und Spätsommer möglich","forecast":null,"eu_class":"ausgezeichnet","link":"https://www.berlin.de/lageso/gesundheit/gesundheitsschutz/badegewaesser/badestellen/artikel.344322.php","pct":{"ecoli":72,"entero":62,"visibility":17,"temp":86},"pct_n":{"ecoli":292,"entero":292,"visibility":290,"temp":292}}},{"type":"Feature","geometry":{"type":"Point","coordinates":[13.575727,52.44094]},"properties":{"id":"BE-B230","name":"Gartenstraße, Flussbad","region":"berlin","area":"Treptow-Köpenick","water":"Dahme","status":"green","status_label":"Zum Baden geeignet","date":"2026-08-04","temp":24.4,"visibility":"1,2","ecoli":"143","entero":"<15","coliform":"360","warn":null,"info":"Blaualgenmassenentwicklungen im Hoch- und Spätsommer möglich","forecast":null,"eu_class":"ausgezeichnet","link":"https://www.berlin.de/lageso/gesundheit/gesundheitsschutz/badegewaesser/badestellen/artikel.344323.php","pct":{"ecoli":11,"entero":62,"visibility":48,"temp":88},"pct_n":{"ecoli":292,"entero":292,"visibility":290,"temp":292}}},{"type":"Feature","geometry":{"type":"Point","coordinates":[13.118568,52.471755]},"properties":{"id":"BE-B961","name":"Groß Glienicker See, nördlich","region":"berlin","area":"Spandau","water":"Groß Glienicker See","status":"green","status_label":"Zum Baden geeignet","date":"2026-07-21","temp":21.6,"visibility":"> 1","ecoli":"<15","entero":"15","coliform":"<300","warn":null,"info":null,"forecast":null,"eu_class":"ausgezeichnet","link":"https://www.berlin.de/lageso/gesundheit/gesundheitsschutz/badegewaesser/badestellen/artikel.344340.php","pct":{"ecoli":72,"entero":62,"visibility":33,"temp":59},"pct_n":{"ecoli":292,"entero":292,"visibility":290,"temp":292}}},{"type":"Feature","geometry":{"type":"Point","coordinates":[13.114633,52.460362]},"properties":{"id":"BE-B962","name":"Groß Glienicker See, südlich","region":"berlin","area":"Spandau","water":"Groß Glienicker See","status":"green","status_label":"Zum Baden geeignet","date":"2026-07-21","temp":21.3,"visibility":"> 1","ecoli":"15","entero":"<15","coliform":"<300","warn":null,"info":null,"forecast":null,"eu_class":"ausgezeichnet","link":"https://www.berlin.de/lageso/gesundheit/gesundheitsschutz/badegewaesser/badestellen/artikel.344338.php","pct":{"ecoli":72,"entero":62,"visibility":33,"temp":49},"pct_n":{"ecoli":292,"entero":292,"visibility":290,"temp":292}}},{"type":"Feature","geometry":{"type":"Point","coordinates":[13.65238,52.389494]},"properties":{"id":"BE-B224","name":"Große Krampe","region":"berlin","area":"Treptow-Köpenick","water":"Dahme","status":"green","status_label":"Zum Baden geeignet","date":"2026-08-04","temp":24.2,"visibility":"0,7","ecoli":"<15","entero":"<15","coliform":"<300","warn":null,"info":"Blaualgenmassenentwicklungen im Hoch- und Spätsommer möglich","forecast":null,"eu_class":"ausgezeichnet","link":"https://www.berlin.de/lageso/gesundheit/gesundheitsschutz/badegewaesser/badestellen/artikel.344326.php","pct":{"ecoli":72,"entero":62,"visibility":13,"temp":86},"pct_n":{"ecoli":292,"entero":292,"visibility":290,"temp":292}}},{"type":"Feature","geometry":{"type":"Point","coordinates":[13.190224,52.450773]},"properties":{"id":"BE-B333","name":"Große Steinlanke","region":"berlin","area":"Steglitz-Zehlendorf","water":"Unterhavel","status":"green","status_label":"Zum Baden geeignet","date":"2026-07-28","temp":21.1,"visibility":"1,1","ecoli":"15","entero":"<15","coliform":"<300","warn":null,"info":"Blaualgenmassenentwicklungen im Hoch- und Spätsommer möglich","forecast":null,"eu_class":"ausgezeichnet","link":"https://www.berlin.de/lageso/gesundheit/gesundheitsschutz/badegewaesser/badestellen/artikel.344362.php","pct":{"ecoli":72,"entero":62,"visibility":44,"temp":44},"pct_n":{"ecoli":292,"entero":292,"visibility":290,"temp":292}}},{"type":"Feature","geometry":{"type":"Point","coordinates":[13.607215,52.408983]},"properties":{"id":"BE-B226","name":"Grünau, Strandbad","region":"berlin","area":"Treptow-Köpenick","water":"Dahme","status":"green","status_label":"Zum Baden geeignet","date":"2026-08-04","temp":24.0,"visibility":"0,8","ecoli":"<15","entero":"<15","coliform":"<300","warn":null,"info":"Blaualgenmassenentwicklungen im Hoch- und Spätsommer möglich","forecast":null,"eu_class":"ausgezeichnet","link":"https://www.berlin.de/lageso/gesundheit/gesundheitsschutz/badegewaesser/badestellen/artikel.344325.php","pct":{"ecoli":72,"entero":62,"visibility":17,"temp":85},"pct_n":{"ecoli":292,"entero":292,"visibility":290,"temp":292}}},{"type":"Feature","geometry":{"type":"Point","coordinates":[13.194703,52.482197]},"properties":{"id":"BE-B330","name":"Grunewaldturm","region":"berlin","area":"Charlottenburg-Wilmersdorf","water":"Unterhavel","status":"green","status_label":"Zum Baden geeignet","date":"2026-07-28","temp":21.1,"visibility":"0,8","ecoli":"<15","entero":"<15","coliform":"<300","warn":null,"info":"Blaualgenmassenentwicklungen im Hoch- und Spätsommer möglich","forecast":"ausgezeichnet","eu_class":"ausgezeichnet","link":"https://www.berlin.de/lageso/gesundheit/gesundheitsschutz/badegewaesser/badestellen/artikel.344359.php","pct":{"ecoli":72,"entero":62,"visibility":17,"temp":44},"pct_n":{"ecoli":292,"entero":292,"visibility":290,"temp":292}}},{"type":"Feature","geometry":{"type":"Point","coordinates":[13.281842,52.494533]},"properties":{"id":"BE-B930","name":"Halensee, Strandbad","region":"berlin","area":"Charlottenburg-Wilmersdorf","water":"Halensee","status":"green","status_label":"Zum Baden geeignet","date":"2026-07-21","temp":22.4,"visibility":"0,9","ecoli":"<15","entero":"<15","coliform":"<300","warn":null,"info":null,"forecast":null,"eu_class":"ausgezeichnet","link":"https://www.berlin.de/lageso/gesundheit/gesundheitsschutz/badegewaesser/badestellen/artikel.468922.php","pct":{"ecoli":72,"entero":62,"visibility":22,"temp":77},"pct_n":{"ecoli":292,"entero":292,"visibility":290,"temp":292}}},{"type":"Feature","geometry":{"type":"Point","coordinates":[13.212969,52.60045]},"properties":{"id":"BE-B925","name":"Heiligensee, Strandbad","region":"berlin","area":"Reinickendorf","water":"Heiligensee","status":"green","status_label":"Zum Baden geeignet","date":"2026-08-05","temp":26.4,"visibility":"0,6","ecoli":"<15","entero":"<15","coliform":"<300","warn":null,"info":"Sichttiefe gering","forecast":null,"eu_class":"ausgezeichnet","link":"https://www.berlin.de/lageso/gesundheit/gesundheitsschutz/badegewaesser/badestellen/artikel.344335.php","pct":{"ecoli":72,"entero":62,"visibility":10,"temp":91},"pct_n":{"ecoli":292,"entero":292,"visibility":290,"temp":292}}},{"type":"Feature","geometry":{"type":"Point","coordinates":[13.274666,52.543708]},"properties":{"id":"BE-B922","name":"Jungfernheide, Strandbad","region":"berlin","area":"Charlottenburg-Wilmersdorf","water":"Jungfernheideteich","status":"green","status_label":"Zum Baden geeignet","date":"2026-08-05","temp":24.2,"visibility":">2,20","ecoli":"30","entero":"46","coliform":"<300","warn":null,"info":null,"forecast":null,"eu_class":"ausgezeichnet","link":"https://www.berlin.de/lageso/gesundheit/gesundheitsschutz/badegewaesser/badestellen/artikel.344352.php","pct":{"ecoli":40,"entero":13,"visibility":84,"temp":86},"pct_n":{"ecoli":292,"entero":292,"visibility":290,"temp":292}}},{"type":"Feature","geometry":{"type":"Point","coordinates":[13.18595,52.484177]},"properties":{"id":"BE-B329","name":"Kleine Badewiese","region":"berlin","area":"Spandau","water":"Unterhavel","status":"green","status_label":"Zum Baden geeignet","date":"2026-07-28","temp":21.7,"visibility":"1","ecoli":"<15","entero":"<15","coliform":"<300","warn":null,"info":"Blaualgenmassenentwicklungen im Hoch- und Spätsommer möglich","forecast":"ausgezeichnet","eu_class":"ausgezeichnet","link":"https://www.berlin.de/lageso/gesundheit/gesundheitsschutz/badegewaesser/badestellen/artikel.344351.php","pct":{"ecoli":72,"entero":62,"visibility":33,"temp":62},"pct_n":{"ecoli":292,"entero":292,"visibility":290,"temp":292}}},{"type":"Feature","geometry":{"type":"Point","coordinates":[13.677621,52.428217]},"properties":{"id":"BE-B112","name":"Kleiner Müggelsee","region":"berlin","area":"Treptow-Köpenick","water":"Großer Müggelsee","status":"green","status_label":"Zum Baden geeignet","date":"2026-08-04","temp":23.9,"visibility":"2","ecoli":"94","entero":"30","coliform":"360","warn":null,"info":null,"forecast":null,"eu_class":"ausgezeichnet","link":"https://www.berlin.de/lageso/gesundheit/gesundheitsschutz/badegewaesser/badestellen/artikel.344328.php","pct":{"ecoli":17,"entero":20,"visibility":75,"temp":84},"pct_n":{"ecoli":292,"entero":292,"visibility":290,"temp":292}}},{"type":"Feature","geometry":{"type":"Point","coordinates":[13.232416,52.45219]},"properties":{"id":"BE-B950","name":"Krumme Lanke","region":"berlin","area":"Steglitz-Zehlendorf","water":"Grunewaldseen","status":"green","status_label":"Zum Baden geeignet","date":"2026-07-29","temp":21.6,"visibility":"> 1","ecoli":"30","entero":"<15","coliform":"730","warn":null,"info":null,"forecast":null,"eu_class":"ausgezeichnet","link":"https://www.berlin.de/lageso/gesundheit/gesundheitsschutz/badegewaesser/badestellen/artikel.344355.php","pct":{"ecoli":40,"entero":62,"visibility":33,"temp":59},"pct_n":{"ecoli":292,"entero":292,"visibility":290,"temp":292}}},{"type":"Feature","geometry":{"type":"Point","coordinates":[13.196721,52.469332]},"properties":{"id":"BE-B331","name":"Lieper Bucht","region":"berlin","area":"Steglitz-Zehlendorf","water":"Unterhavel","status":"green","status_label":"Zum Baden geeignet","date":"2026-07-28","temp":21.1,"visibility":"1","ecoli":"<15","entero":"<15","coliform":"<300","warn":null,"info":"Blaualgenmassenentwicklungen im Hoch- und Spätsommer möglich","forecast":"ausgezeichnet","eu_class":"ausgezeichnet","link":"https://www.berlin.de/lageso/gesundheit/gesundheitsschutz/badegewaesser/badestellen/artikel.344358.php","pct":{"ecoli":72,"entero":62,"visibility":33,"temp":44},"pct_n":{"ecoli":292,"entero":292,"visibility":290,"temp":292}}},{"type":"Feature","geometry":{"type":"Point","coordinates":[13.336049,52.61795]},"properties":{"id":"BE-B926","name":"Lübars, Strandbad (Ziegeleisee)","region":"berlin","area":"Reinickendorf","water":"Ziegeleisee","status":"green","status_label":"Zum Baden geeignet","date":"2026-08-05","temp":24.4,"visibility":"5,2","ecoli":"15","entero":"15","coliform":"<300","warn":null,"info":null,"forecast":null,"eu_class":"ausgezeichnet","link":"https://www.berlin.de/lageso/gesundheit/gesundheitsschutz/badegewaesser/badestellen/artikel.344336.php","pct":{"ecoli":72,"entero":62,"visibility":100,"temp":88},"pct_n":{"ecoli":292,"entero":292,"visibility":290,"temp":292}}},{"type":"Feature","geometry":{"type":"Point","coordinates":[13.675901,52.444719]},"properties":{"id":"BE-B116","name":"Müggelsee, Strandbad","region":"berlin","area":"Treptow-Köpenick","water":"Großer Müggelsee","status":"green","status_label":"Zum Baden geeignet","date":"2026-08-04","temp":22.8,"visibility":"1,4","ecoli":"15","entero":"<15","coliform":"<300","warn":null,"info":"Blaualgenmassenentwicklungen im Hoch- und Spätsommer möglich","forecast":null,"eu_class":"ausgezeichnet","link":"https://www.berlin.de/lageso/gesundheit/gesundheitsschutz/badegewaesser/badestellen/artikel.344329.php","pct":{"ecoli":72,"entero":62,"visibility":53,"temp":79},"pct_n":{"ecoli":292,"entero":292,"visibility":290,"temp":292}}},{"type":"Feature","geometry":{"type":"Point","coordinates":[13.484255,52.549596]},"properties":{"id":"BE-B911","name":"Orankesee, Strandbad","region":"berlin","area":"Lichtenberg","water":"Orankesee","status":"green","status_label":"Zum Baden geeignet","date":"2026-08-05","temp":25.2,"visibility":"2","ecoli":"251","entero":"30","coliform":"910","warn":null,"info":null,"forecast":null,"eu_class":"ausgezeichnet","link":"https://www.berlin.de/lageso/gesundheit/gesundheitsschutz/badegewaesser/badestellen/artikel.347246.php","pct":{"ecoli":4,"entero":20,"visibility":75,"temp":89},"pct_n":{"ecoli":292,"entero":292,"visibility":290,"temp":292}}},{"type":"Feature","geometry":{"type":"Point","coordinates":[13.32923,52.543601]},"properties":{"id":"BE-B915","name":"Plötzensee, Strandbad","region":"berlin","area":"Mitte","water":"Plötzensee","status":"green","status_label":"Zum Baden geeignet","date":"2026-08-05","temp":24.0,"visibility":"0,9","ecoli":"15","entero":"574","coliform":"<300","warn":null,"info":null,"forecast":null,"eu_class":"ausgezeichnet","link":"https://www.berlin.de/lageso/gesundheit/gesundheitsschutz/badegewaesser/badestellen/artikel.344353.php","pct":{"ecoli":72,"entero":0,"visibility":22,"temp":85},"pct_n":{"ecoli":292,"entero":292,"visibility":290,"temp":292}}},{"type":"Feature","geometry":{"type":"Point","coordinates":[13.189634,52.458612]},"properties":{"id":"BE-B336","name":"Radfahrerwiese","region":"berlin","area":"Steglitz-Zehlendorf","water":"Unterhavel","status":"green","status_label":"Zum Baden geeignet","date":"2026-07-28","temp":21.0,"visibility":"1,1","ecoli":"<15","entero":"<15","coliform":"<300","warn":null,"info":"Blaualgenmassenentwicklungen im Hoch- und Spätsommer möglich","forecast":"ausgezeichnet","eu_class":"ausgezeichnet","link":"https://www.berlin.de/lageso/gesundheit/gesundheitsschutz/badegewaesser/badestellen/artikel.344357.php","pct":{"ecoli":72,"entero":62,"visibility":44,"temp":37},"pct_n":{"ecoli":292,"entero":292,"visibility":290,"temp":292}}},{"type":"Feature","geometry":{"type":"Point","coordinates":[13.220866,52.594572]},"properties":{"id":"BE-B302","name":"Sandhauser Straße","region":"berlin","area":"Reinickendorf","water":"Oberhavel","status":"green","status_label":"Zum Baden geeignet","date":"2026-07-27","temp":21.4,"visibility":"0,8","ecoli":"15","entero":"<15","coliform":"<300","warn":null,"info":null,"forecast":null,"eu_class":"ausgezeichnet","link":"https://www.berlin.de/lageso/gesundheit/gesundheitsschutz/badegewaesser/badestellen/artikel.344341.php","pct":{"ecoli":72,"entero":62,"visibility":17,"temp":53},"pct_n":{"ecoli":292,"entero":292,"visibility":290,"temp":292}}},{"type":"Feature","geometry":{"type":"Point","coordinates":[13.217128,52.443358]},"properties":{"id":"BE-B955","name":"Schlachtensee","region":"berlin","area":"Steglitz-Zehlendorf","water":"Grunewaldseen","status":"green","status_label":"Zum Baden geeignet","date":"2026-07-29","temp":21.8,"visibility":"> 1","ecoli":"<15","entero":"<15","coliform":"<300","warn":null,"info":"Hinweise auf Zerkarien","forecast":null,"eu_class":"ausgezeichnet","link":"https://www.berlin.de/lageso/gesundheit/gesundheitsschutz/badegewaesser/badestellen/artikel.344356.php","pct":{"ecoli":72,"entero":62,"visibility":33,"temp":65},"pct_n":{"ecoli":292,"entero":292,"visibility":290,"temp":292}}},{"type":"Feature","geometry":{"type":"Point","coordinates":[13.653285,52.373237]},"properties":{"id":"BE-B215","name":"Schmöckwitz","region":"berlin","area":"Treptow-Köpenick","water":"Dahme","status":"green","status_label":"Zum Baden geeignet","date":"2026-08-04","temp":23.3,"visibility":"0,5","ecoli":"<15","entero":"<15","coliform":"<300","warn":null,"info":"Blaualgen trüben das Wasser und schränken die Sichttiefe ein.","forecast":null,"eu_class":"ausgezeichnet","link":"https://www.berlin.de/lageso/gesundheit/gesundheitsschutz/badegewaesser/badestellen/artikel.344331.php","pct":{"ecoli":72,"entero":62,"visibility":6,"temp":82},"pct_n":{"ecoli":292,"entero":292,"visibility":290,"temp":292}}},{"type":"Feature","geometry":{"type":"Point","coordinates":[13.685492,52.387203]},"properties":{"id":"BE-B220","name":"Seddinsee","region":"berlin","area":"Treptow-Köpenick","water":"Dahme","status":"green","status_label":"Zum Baden geeignet","date":"2026-08-04","temp":23.8,"visibility":"1,2","ecoli":"<15","entero":"<15","coliform":"<300","warn":null,"info":"Blaualgenmassenentwicklungen im Hoch- und Spätsommer möglich","forecast":null,"eu_class":"ausgezeichnet","link":"https://www.berlin.de/lageso/gesundheit/gesundheitsschutz/badegewaesser/badestellen/artikel.344332.php","pct":{"ecoli":72,"entero":62,"visibility":48,"temp":83},"pct_n":{"ecoli":292,"entero":292,"visibility":290,"temp":292}}},{"type":"Feature","geometry":{"type":"Point","coordinates":[13.245277,52.577838]},"properties":{"id":"BE-B309","name":"Tegeler See, Strandbad","region":"berlin","area":"Reinickendorf","water":"Tegeler See","status":"green","status_label":"Zum Baden geeignet","date":"2026-07-27","temp":20.4,"visibility":"2,8","ecoli":"<15","entero":"<15","coliform":"<300","warn":null,"info":null,"forecast":null,"eu_class":"ausgezeichnet","link":"https://www.berlin.de/lageso/gesundheit/gesundheitsschutz/badegewaesser/badestellen/artikel.344343.php","pct":{"ecoli":72,"entero":62,"visibility":89,"temp":12},"pct_n":{"ecoli":292,"entero":292,"visibility":290,"temp":292}}},{"type":"Feature","geometry":{"type":"Point","coordinates":[13.256018,52.568188]},"properties":{"id":"BE-B312","name":"Tegeler See, gegenüber Reiswerder","region":"berlin","area":"Reinickendorf","water":"Tegeler See","status":"green","status_label":"Zum Baden geeignet","date":"2026-07-27","temp":20.6,"visibility":"1,6","ecoli":"15","entero":"<15","coliform":"<300","warn":null,"info":null,"forecast":null,"eu_class":"ausgezeichnet","link":"https://www.berlin.de/lageso/gesundheit/gesundheitsschutz/badegewaesser/badestellen/artikel.344345.php","pct":{"ecoli":72,"entero":62,"visibility":62,"temp":20},"pct_n":{"ecoli":292,"entero":292,"visibility":290,"temp":292}}},{"type":"Feature","geometry":{"type":"Point","coordinates":[13.244252,52.575719]},"properties":{"id":"BE-B311","name":"Tegeler See, gegenüber Scharfenberg","region":"berlin","area":"Reinickendorf","water":"Tegeler See","status":"green","status_label":"Zum Baden geeignet","date":"2026-07-27","temp":21.4,"visibility":"1,5","ecoli":"<15","entero":"<15","coliform":"<300","warn":null,"info":null,"forecast":null,"eu_class":"ausgezeichnet","link":"https://www.berlin.de/lageso/gesundheit/gesundheitsschutz/badegewaesser/badestellen/artikel.344348.php","pct":{"ecoli":72,"entero":62,"visibility":57,"temp":53},"pct_n":{"ecoli":292,"entero":292,"visibility":290,"temp":292}}},{"type":"Feature","geometry":{"type":"Point","coordinates":[13.255193,52.585638]},"properties":{"id":"BE-B314","name":"Tegeler See, Reiherwerder","region":"berlin","area":"Reinickendorf","water":"Tegeler See","status":"green","status_label":"Zum Baden geeignet","date":"2026-07-27","temp":21.2,"visibility":"2,8","ecoli":"<15","entero":"<15","coliform":"<300","warn":null,"info":null,"forecast":null,"eu_class":"ausgezeichnet","link":"https://www.berlin.de/lageso/gesundheit/gesundheitsschutz/badegewaesser/badestellen/artikel.344344.php","pct":{"ecoli":72,"entero":62,"visibility":89,"temp":47},"pct_n":{"ecoli":292,"entero":292,"visibility":290,"temp":292}}},{"type":"Feature","geometry":{"type":"Point","coordinates":[13.246842,52.56216]},"properties":{"id":"BE-B313","name":"Tegeler See, Saatwinkel","region":"berlin","area":"Reinickendorf","water":"Tegeler See","status":"green","status_label":"Zum Baden geeignet","date":"2026-07-27","temp":20.3,"visibility":"1,4","ecoli":"15","entero":"<15","coliform":"<300","warn":null,"info":null,"forecast":null,"eu_class":"ausgezeichnet","link":"https://www.berlin.de/lageso/gesundheit/gesundheitsschutz/badegewaesser/badestellen/artikel.344349.php","pct":{"ecoli":72,"entero":62,"visibility":53,"temp":10},"pct_n":{"ecoli":292,"entero":292,"visibility":290,"temp":292}}},{"type":"Feature","geometry":{"type":"Point","coordinates":[13.234497,52.490609]},"properties":{"id":"BE-B936","name":"Teufelssee","region":"berlin","area":"Charlottenburg-Wilmersdorf","water":"Teufelssee","status":"green","status_label":"Zum Baden geeignet","date":"2026-07-29","temp":20.5,"visibility":"> 1","ecoli":"61","entero":"30","coliform":"<300","warn":null,"info":null,"forecast":null,"eu_class":"ausgezeichnet","link":"https://www.berlin.de/lageso/gesundheit/gesundheitsschutz/badegewaesser/badestellen/artikel.344363.php","pct":{"ecoli":26,"entero":20,"visibility":33,"temp":16},"pct_n":{"ecoli":292,"entero":292,"visibility":290,"temp":292}}},{"type":"Feature","geometry":{"type":"Point","coordinates":[13.176804,52.438898]},"properties":{"id":"BE-B350","name":"Wannsee, Strandbad","region":"berlin","area":"Steglitz-Zehlendorf","water":"Unterhavel","status":"green","status_label":"Zum Baden geeignet","date":"2026-07-28","temp":21.0,"visibility":"1,2","ecoli":"<15","entero":"<15","coliform":"<300","warn":null,"info":"Blaualgenmassenentwicklungen im Hoch- und Spätsommer möglich","forecast":null,"eu_class":"ausgezeichnet","link":"https://www.berlin.de/lageso/gesundheit/gesundheitsschutz/badegewaesser/badestellen/artikel.344361.php","pct":{"ecoli":72,"entero":62,"visibility":48,"temp":37},"pct_n":{"ecoli":292,"entero":292,"visibility":290,"temp":292}}},{"type":"Feature","geometry":{"type":"Point","coordinates":[13.465588,52.553957]},"properties":{"id":"BE-B910","name":"Weißensee, Strandbad","region":"berlin","area":"Pankow","water":"Weißer See","status":"green","status_label":"Zum Baden geeignet","date":"2026-08-05","temp":25.0,"visibility":">1,40","ecoli":"<15","entero":"<15","coliform":"<300","warn":null,"info":null,"forecast":null,"eu_class":"ausgezeichnet","link":"https://www.berlin.de/lageso/gesundheit/gesundheitsschutz/badegewaesser/badestellen/artikel.344318.php","pct":{"ecoli":72,"entero":62,"visibility":53,"temp":89},"pct_n":{"ecoli":292,"entero":292,"visibility":290,"temp":292}}},{"type":"Feature","geometry":{"type":"Point","coordinates":[13.600317,52.415144]},"properties":{"id":"BE-B227","name":"Wendenschloss, Strandbad","region":"berlin","area":"Treptow-Köpenick","water":"Dahme","status":"green","status_label":"Zum Baden geeignet","date":"2026-08-04","temp":24.4,"visibility":"0,9","ecoli":"<15","entero":"<15","coliform":"<300","warn":null,"info":"Blaualgenmassenentwicklungen im Hoch- und Spätsommer möglich","forecast":null,"eu_class":"ausgezeichnet","link":"https://www.berlin.de/lageso/gesundheit/gesundheitsschutz/badegewaesser/badestellen/artikel.344333.php","pct":{"ecoli":72,"entero":62,"visibility":22,"temp":88},"pct_n":{"ecoli":292,"entero":292,"visibility":290,"temp":292}}},{"type":"Feature","geometry":{"type":"Point","coordinates":[14.01151,52.83693]},"properties":{"id":"BB-287","name":"Bralitz, Dornbuschsee","region":"brandenburg","area":"Märkisch-Oderland","water":"Dornbuschsee","status":"green","status_label":"Zum Baden geeignet","date":"2026-07-28","temp":22.3,"visibility":"1,5","ecoli":"77","entero":"30","coliform":null,"bacteriology":null,"warn":null,"info":null,"forecast":null,"eu_class":null,"amenities":{"wc":"nein","gastro":"Imbiss","rettung":"nein","abfall":"nein"},"link":"https://badestellen.brandenburg.de/badestelle/-/details/287","pct":{"ecoli":21,"entero":20,"visibility":57,"temp":76},"pct_n":{"ecoli":292,"entero":292,"visibility":290,"temp":292}}},{"type":"Feature","geometry":{"type":"Point","coordinates":[13.976133,52.540489]},"properties":{"id":"BB-286","name":"Garzin, Langer See","region":"brandenburg","area":"Märkisch-Oderland","water":"Langer See","status":"green","status_label":"Zum Baden geeignet","date":"2026-07-29","temp":20.9,"visibility":"1,0","ecoli":"46","entero":"15","coliform":null,"bacteriology":null,"warn":null,"info":null,"forecast":null,"eu_class":null,"amenities":{"wc":"nein","gastro":"Imbiss, zeitweise","rettung":"nein","abfall":"ja"},"link":"https://badestellen.brandenburg.de/badestelle/-/details/286","pct":{"ecoli":32,"entero":62,"visibility":33,"temp":32},"pct_n":{"ecoli":292,"entero":292,"visibility":290,"temp":292}}},{"type":"Feature","geometry":{"type":"Point","coordinates":[13.873002,52.575427]},"properties":{"id":"BB-285","name":"Strausberg, Seetafel 9, Straussee","region":"brandenburg","area":"Märkisch-Oderland","water":"Straussee","status":"green","status_label":"Zum Baden geeignet","date":"2026-07-29","temp":21.0,"visibility":"4,0","ecoli":"15","entero":"15","coliform":null,"bacteriology":null,"warn":null,"info":null,"forecast":null,"eu_class":"ausgezeichnet","amenities":{"wc":"nein","gastro":"nein","rettung":"nein","abfall":"nein"},"link":"https://badestellen.brandenburg.de/badestelle/-/details/285","pct":{"ecoli":72,"entero":62,"visibility":98,"temp":37},"pct_n":{"ecoli":292,"entero":292,"visibility":290,"temp":292}}},{"type":"Feature","geometry":{"type":"Point","coordinates":[12.634717,53.198051]},"properties":{"id":"BB-284","name":"Dranse, Dranser See","region":"brandenburg","area":"Ostprignitz-Ruppin","water":"Dranser See","status":"green","status_label":"Zum Baden geeignet","date":"2026-07-29","temp":20.0,"visibility":"3,0","ecoli":"15","entero":"15","coliform":null,"bacteriology":null,"warn":null,"info":null,"forecast":null,"eu_class":null,"amenities":{"wc":"nein","gastro":"nein","rettung":"nein","abfall":"ja"},"link":"https://badestellen.brandenburg.de/badestelle/-/details/284","pct":{"ecoli":72,"entero":62,"visibility":93,"temp":5},"pct_n":{"ecoli":292,"entero":292,"visibility":290,"temp":292}}},{"type":"Feature","geometry":{"type":"Point","coordinates":[13.256314,53.049314]},"properties":{"id":"BB-283","name":"Zehdenick OT Zabelsdorf, Großer Wentowsee","region":"brandenburg","area":"Oberhavel","water":"Großer Wentowsee","status":"yellow","status_label":"Beanstandet – Warnhinweise beachten","date":"2026-07-27","temp":20.1,"visibility":"0,3","ecoli":"15","entero":"15","coliform":null,"bacteriology":null,"warn":"Aufgrund der geringen Sichttiefe können Rettungsmaßnahmen deutlich erschwert sein.","info":null,"forecast":null,"eu_class":null,"amenities":{"wc":"nein","gastro":"nein","rettung":"nein","abfall":"ja","strand":"Wiese/Bänke"},"link":"https://badestellen.brandenburg.de/badestelle/-/details/283","pct":{"ecoli":72,"entero":62,"visibility":1,"temp":8},"pct_n":{"ecoli":292,"entero":292,"visibility":290,"temp":292}}},{"type":"Feature","geometry":{"type":"Point","coordinates":[12.852148,53.155891]},"properties":{"id":"BB-173","name":"Zechlinerhütte, Zootzensee","region":"brandenburg","area":"Ostprignitz-Ruppin","water":"Zootzensee","status":"green","status_label":"Zum Baden geeignet","date":"2026-07-29","temp":21.0,"visibility":"3,0","ecoli":"15","entero":"15","coliform":null,"bacteriology":"keine Beanstandungen","warn":null,"info":null,"forecast":null,"eu_class":"ausgezeichnet","amenities":{"wc":"nein","gastro":"nein","rettung":"nein","abfall":"ja","strand":"kein Strand"},"link":"https://badestellen.brandenburg.de/badestelle/-/details/173","pct":{"ecoli":72,"entero":62,"visibility":93,"temp":37},"pct_n":{"ecoli":292,"entero":292,"visibility":290,"temp":292}}},{"type":"Feature","geometry":{"type":"Point","coordinates":[13.749071,52.265117]},"properties":{"id":"BB-74","name":"Bindow, Ziestsee","region":"brandenburg","area":"Dahme-Spreewald","water":"Ziestsee","status":"green","status_label":"Zum Baden geeignet","date":"2026-06-29","temp":28.1,"visibility":"2,0","ecoli":"61","entero":"30","coliform":null,"bacteriology":"keine Beanstandungen","warn":null,"info":null,"forecast":null,"eu_class":"ausgezeichnet","amenities":{"wc":"ja","gastro":"nein","rettung":"nein","abfall":"ja","strand":"Wiese"},"link":"https://badestellen.brandenburg.de/badestelle/-/details/74","pct":{"ecoli":26,"entero":20,"visibility":75,"temp":99},"pct_n":{"ecoli":292,"entero":292,"visibility":290,"temp":292}}},{"type":"Feature","geometry":{"type":"Point","coordinates":[13.643907,52.369943]},"properties":{"id":"BB-73","name":"Eichwalde, Zeuthener See","region":"brandenburg","area":"Dahme-Spreewald","water":"Zeuthener See","status":"green","status_label":"Zum Baden geeignet","date":"2026-06-29","temp":27.4,"visibility":"0,6","ecoli":"30","entero":"61","coliform":null,"bacteriology":"keine Beanstandungen","warn":null,"info":null,"forecast":null,"eu_class":"ausgezeichnet","amenities":{"wc":"ja","gastro":"nein","rettung":"nein","abfall":"ja","strand":"Sand/Wiese"},"link":"https://badestellen.brandenburg.de/badestelle/-/details/73","pct":{"ecoli":40,"entero":9,"visibility":10,"temp":95},"pct_n":{"ecoli":292,"entero":292,"visibility":290,"temp":292}}},{"type":"Feature","geometry":{"type":"Point","coordinates":[12.830585,53.00792]},"properties":{"id":"BB-172","name":"Neuruppin, Zermützel, Zermützelsee","region":"brandenburg","area":"Ostprignitz-Ruppin","water":"Zermützelsee","status":"green","status_label":"Zum Baden geeignet","date":"2026-07-28","temp":23.0,"visibility":"0,6","ecoli":"15","entero":"15","coliform":null,"bacteriology":"keine Beanstandungen","warn":null,"info":null,"forecast":null,"eu_class":"ausgezeichnet","amenities":{"wc":"ja (Trocken- oder Dixitoilette)","gastro":"nein","rettung":"nein","abfall":"ja","strand":"kein Strand"},"link":"https://badestellen.brandenburg.de/badestelle/-/details/172","pct":{"ecoli":72,"entero":62,"visibility":10,"temp":80},"pct_n":{"ecoli":292,"entero":292,"visibility":290,"temp":292}}},{"type":"Feature","geometry":{"type":"Point","coordinates":[12.81967,53.143289]},"properties":{"id":"BB-171","name":"Kagar, Zermittensee","region":"brandenburg","area":"Ostprignitz-Ruppin","water":"Zermittensee","status":"green","status_label":"Zum Baden geeignet","date":"2026-07-29","temp":21.0,"visibility":"3,0","ecoli":"15","entero":"30","coliform":null,"bacteriology":"keine Beanstandungen","warn":null,"info":null,"forecast":null,"eu_class":"ausgezeichnet","amenities":{"wc":"nein","gastro":"nein","rettung":"nein","abfall":"ja","strand":"kein Strand"},"link":"https://badestellen.brandenburg.de/badestelle/-/details/171","pct":{"ecoli":72,"entero":20,"visibility":93,"temp":37},"pct_n":{"ecoli":292,"entero":292,"visibility":290,"temp":292}}},{"type":"Feature","geometry":{"type":"Point","coordinates":[13.3532,53.1855]},"properties":{"id":"BB-253","name":"Lychen, Heilstätten, Zenssee","region":"brandenburg","area":"Uckermark","water":"Zenssee","status":"green","status_label":"Zum Baden geeignet","date":"2026-07-30","temp":21.4,"visibility":"1,6","ecoli":"15","entero":"15","coliform":null,"bacteriology":"keine Beanstandungen","warn":null,"info":null,"forecast":null,"eu_class":"ausgezeichnet","amenities":{"wc":"nein","gastro":"nein","rettung":"nein","abfall":"ja","strand":"Sand/Wiese"},"link":"https://badestellen.brandenburg.de/badestelle/-/details/253","pct":{"ecoli":72,"entero":62,"visibility":62,"temp":53},"pct_n":{"ecoli":292,"entero":292,"visibility":290,"temp":292}}},{"type":"Feature","geometry":{"type":"Point","coordinates":[13.5865,53.1177]},"properties":{"id":"BB-251","name":"Templin, OT Ahrensdorf, Zaarsee","region":"brandenburg","area":"Uckermark","water":"Zaarsee","status":"green","status_label":"Zum Baden geeignet","date":"2026-07-27","temp":20.7,"visibility":"1,5","ecoli":"15","entero":"15","coliform":null,"bacteriology":"keine Beanstandungen","warn":null,"info":null,"forecast":null,"eu_class":"ausgezeichnet","amenities":{"wc":"nein","gastro":"nein","rettung":"nein","abfall":"ja","strand":"Wiese"},"link":"https://badestellen.brandenburg.de/badestelle/-/details/251","pct":{"ecoli":72,"entero":62,"visibility":57,"temp":24},"pct_n":{"ecoli":292,"entero":292,"visibility":290,"temp":292}}},{"type":"Feature","geometry":{"type":"Point","coordinates":[13.008014,52.969731]},"properties":{"id":"BB-170","name":"Lindow, Schönbirken, Wutzsee","region":"brandenburg","area":"Ostprignitz-Ruppin","water":"Wutzsee","status":"green","status_label":"Zum Baden geeignet","date":"2026-07-28","temp":21.0,"visibility":"2,0","ecoli":"15","entero":"15","coliform":null,"bacteriology":"keine Beanstandungen","warn":null,"info":null,"forecast":null,"eu_class":"ausgezeichnet","amenities":{"wc":"ja","gastro":"nein","rettung":"nein","abfall":"ja","strand":"Sand"},"link":"https://badestellen.brandenburg.de/badestelle/-/details/170","pct":{"ecoli":72,"entero":62,"visibility":75,"temp":37},"pct_n":{"ecoli":292,"entero":292,"visibility":290,"temp":292}}},{"type":"Feature","geometry":{"type":"Point","coordinates":[13.301277,53.221097]},"properties":{"id":"BB-248","name":"Lychen, Zeltplatz 79, Wurlsee","region":"brandenburg","area":"Uckermark","water":"Wurlsee","status":"green","status_label":"Zum Baden geeignet","date":"2026-07-30","temp":21.1,"visibility":"3,5","ecoli":"161","entero":"534","coliform":null,"bacteriology":"keine Beanstandungen","warn":null,"info":null,"forecast":null,"eu_class":"ausgezeichnet","amenities":{"wc":"ja","gastro":"nein","rettung":"nein","abfall":"ja","strand":"Sand/Wiese"},"link":"https://badestellen.brandenburg.de/badestelle/-/details/248","pct":{"ecoli":9,"entero":1,"visibility":97,"temp":44},"pct_n":{"ecoli":292,"entero":292,"visibility":290,"temp":292}}},{"type":"Feature","geometry":{"type":"Point","coordinates":[13.282965,53.221293]},"properties":{"id":"BB-249","name":"Retzow, Wurlgrund, Wurlsee","region":"brandenburg","area":"Uckermark","water":"Wurlsee","status":"green","status_label":"Zum Baden geeignet","date":"2026-07-30","temp":21.4,"visibility":"2,3","ecoli":"93","entero":"15","coliform":null,"bacteriology":"keine Beanstandungen","warn":null,"info":null,"forecast":null,"eu_class":"ausgezeichnet","amenities":{"wc":"ja","gastro":"nein","rettung":"nein","abfall":"ja","strand":"Sand/Wiese"},"link":"https://badestellen.brandenburg.de/badestelle/-/details/249","pct":{"ecoli":19,"entero":62,"visibility":84,"temp":53},"pct_n":{"ecoli":292,"entero":292,"visibility":290,"temp":292}}},{"type":"Feature","geometry":{"type":"Point","coordinates":[13.807021,52.246818]},"properties":{"id":"BB-71","name":"Kolberg, Wolziger See","region":"brandenburg","area":"Dahme-Spreewald","water":"Wolziger See","status":"green","status_label":"Zum Baden geeignet","date":"2026-06-29","temp":27.0,"visibility":"1,2","ecoli":"234","entero":"46","coliform":null,"bacteriology":"keine Beanstandungen","warn":null,"info":null,"forecast":null,"eu_class":"ausgezeichnet","amenities":{"wc":"ja","gastro":"nein","rettung":"nein","abfall":"ja","strand":"Wiese"},"link":"https://badestellen.brandenburg.de/badestelle/-/details/71","pct":{"ecoli":5,"entero":13,"visibility":48,"temp":94},"pct_n":{"ecoli":292,"entero":292,"visibility":290,"temp":292}}},{"type":"Feature","geometry":{"type":"Point","coordinates":[13.824466,52.271799]},"properties":{"id":"BB-72","name":"Wolzig, Wolziger See","region":"brandenburg","area":"Dahme-Spreewald","water":"Wolziger See","status":"green","status_label":"Zum Baden geeignet","date":"2026-07-31","temp":23.2,"visibility":"1,5","ecoli":"485","entero":"30","coliform":null,"bacteriology":"keine Beanstandungen","warn":"Einzelwertüberschreitungen der m...","info":null,"forecast":null,"eu_class":"ausgezeichnet","amenities":{"wc":"ja","gastro":"nein","rettung":"nein","abfall":"ja","strand":"Wiese"},"link":"https://badestellen.brandenburg.de/badestelle/-/details/72","pct":{"ecoli":1,"entero":20,"visibility":57,"temp":82},"pct_n":{"ecoli":292,"entero":292,"visibility":290,"temp":292}}},{"type":"Feature","geometry":{"type":"Point","coordinates":[12.374747,52.593348]},"properties":{"id":"BB-276","name":"Rathenow, Wolzensee","region":"brandenburg","area":"Havelland","water":"Wolzensee","status":"green","status_label":"Zum Baden geeignet","date":"2026-07-27","temp":20.8,"visibility":"3,0","ecoli":"30","entero":"15","coliform":null,"bacteriology":"keine Beanstandungen","warn":null,"info":null,"forecast":null,"eu_class":"ausgezeichnet","amenities":{"wc":"nein","gastro":"ja","rettung":"nein","abfall":"ja","strand":"Sand/Wiese"},"link":"https://badestellen.brandenburg.de/badestelle/-/details/276","pct":{"ecoli":40,"entero":62,"visibility":93,"temp":28},"pct_n":{"ecoli":292,"entero":292,"visibility":290,"temp":292}}},{"type":"Feature","geometry":{"type":"Point","coordinates":[13.947131,53.023481]},"properties":{"id":"BB-247","name":"Angermünde, Strandbad, Wolletzsee","region":"brandenburg","area":"Uckermark","water":"Wolletzsee","status":"green","status_label":"Zum Baden geeignet","date":"2026-07-29","temp":21.3,"visibility":"1,8","ecoli":"15","entero":"15","coliform":null,"bacteriology":"keine Beanstandungen","warn":null,"info":null,"forecast":null,"eu_class":"ausgezeichnet","amenities":{"wc":"ja","gastro":"ja","rettung":"ja","abfall":"ja","strand":"Sand/Wiese"},"link":"https://badestellen.brandenburg.de/badestelle/-/details/247","pct":{"ecoli":72,"entero":62,"visibility":65,"temp":49},"pct_n":{"ecoli":292,"entero":292,"visibility":290,"temp":292}}},{"type":"Feature","geometry":{"type":"Point","coordinates":[13.819386,52.419811]},"properties":{"id":"BB-108","name":"Grünheide, Südstrand, Werlsee","region":"brandenburg","area":"Oder-Spree","water":"Werlsee","status":"green","status_label":"Zum Baden geeignet","date":"2026-07-27","temp":20.4,"visibility":"1,5","ecoli":"15","entero":"15","coliform":null,"bacteriology":"keine Beanstandungen","warn":null,"info":null,"forecast":null,"eu_class":"ausgezeichnet","amenities":{"wc":"ja","gastro":"ja","rettung":"nein","abfall":"ja","strand":"Sand"},"link":"https://badestellen.brandenburg.de/badestelle/-/details/108","pct":{"ecoli":72,"entero":62,"visibility":57,"temp":12},"pct_n":{"ecoli":292,"entero":292,"visibility":290,"temp":292}}},{"type":"Feature","geometry":{"type":"Point","coordinates":[13.8081,52.4236]},"properties":{"id":"BB-264","name":"Grünheide, Nordstrand, Werlsee","region":"brandenburg","area":"Oder-Spree","water":"Werlsee","status":"green","status_label":"Zum Baden geeignet","date":"2026-07-27","temp":20.7,"visibility":"2,0","ecoli":"46","entero":"15","coliform":null,"bacteriology":"keine Beanstandungen","warn":null,"info":null,"forecast":null,"eu_class":"ausgezeichnet","amenities":{"wc":"ja","gastro":"ja","rettung":"nein","abfall":"ja","strand":"Sand"},"link":"https://badestellen.brandenburg.de/badestelle/-/details/264","pct":{"ecoli":32,"entero":62,"visibility":75,"temp":24},"pct_n":{"ecoli":292,"entero":292,"visibility":290,"temp":292}}},{"type":"Feature","geometry":{"type":"Point","coordinates":[13.661808,52.903228]},"properties":{"id":"BB-14","name":"Eichhorst, BEROLINA Campingparadies am Werbellinsee, Werbellinsee","region":"brandenburg","area":"Barnim","water":"Werbellinsee","status":"green","status_label":"Zum Baden geeignet","date":"2026-07-27","temp":21.4,"visibility":"3,0","ecoli":"94","entero":"15","coliform":null,"bacteriology":"keine Beanstandungen","warn":null,"info":null,"forecast":null,"eu_class":"ausgezeichnet","amenities":{"wc":"ja","gastro":"ja","rettung":"nein","abfall":"ja","strand":"Wiese"},"link":"https://badestellen.brandenburg.de/badestelle/-/details/14","pct":{"ecoli":17,"entero":62,"visibility":93,"temp":53},"pct_n":{"ecoli":292,"entero":292,"visibility":290,"temp":292}}},{"type":"Feature","geometry":{"type":"Point","coordinates":[13.667969,52.911299]},"properties":{"id":"BB-15","name":"Joachimsthal, Campingplatz \"Am Spring\", Werbellinsee","region":"brandenburg","area":"Barnim","water":"Werbellinsee","status":"green","status_label":"Zum Baden geeignet","date":"2026-07-27","temp":20.2,"visibility":"3,0","ecoli":"15","entero":"15","coliform":null,"bacteriology":"keine Beanstandungen","warn":null,"info":null,"forecast":null,"eu_class":"ausgezeichnet","amenities":{"wc":"ja","gastro":"ja","rettung":"nein","abfall":"ja","strand":"Sand/Wiese"},"link":"https://badestellen.brandenburg.de/badestelle/-/details/15","pct":{"ecoli":72,"entero":62,"visibility":93,"temp":9},"pct_n":{"ecoli":292,"entero":292,"visibility":290,"temp":292}}},{"type":"Feature","geometry":{"type":"Point","coordinates":[13.723759,52.921666]},"properties":{"id":"BB-17","name":"Joachimsthal, EJB / seezeit-resort, Werbellinsee","region":"brandenburg","area":"Barnim","water":"Werbellinsee","status":"green","status_label":"Zum Baden geeignet","date":"2026-07-27","temp":21.6,"visibility":"2,5","ecoli":"161","entero":"15","coliform":null,"bacteriology":"keine Beanstandungen","warn":null,"info":null,"forecast":null,"eu_class":"ausgezeichnet","amenities":{"wc":"ja","gastro":"ja","rettung":"ja","abfall":"ja","strand":"Sand/Wiese"},"link":"https://badestellen.brandenburg.de/badestelle/-/details/17","pct":{"ecoli":9,"entero":62,"visibility":86,"temp":59},"pct_n":{"ecoli":292,"entero":292,"visibility":290,"temp":292}}},{"type":"Feature","geometry":{"type":"Point","coordinates":[13.741607,52.958149]},"properties":{"id":"BB-16","name":"Joachimsthal, Liegewiese am Stein, Werbellinsee","region":"brandenburg","area":"Barnim","water":"Werbellinsee","status":"green","status_label":"Zum Baden geeignet","date":"2026-07-27","temp":21.9,"visibility":"3,0","ecoli":"15","entero":"15","coliform":null,"bacteriology":"keine Beanstandungen","warn":null,"info":null,"forecast":null,"eu_class":"ausgezeichnet","amenities":{"wc":"ja","gastro":"ja","rettung":"nein","abfall":"ja","strand":"Wiese"},"link":"https://badestellen.brandenburg.de/badestelle/-/details/16","pct":{"ecoli":72,"entero":62,"visibility":93,"temp":67},"pct_n":{"ecoli":292,"entero":292,"visibility":290,"temp":292}}},{"type":"Feature","geometry":{"type":"Point","coordinates":[13.719037,52.949098]},"properties":{"id":"BB-18","name":"Joachimsthal, Holzablage Michen, Werbellinsee","region":"brandenburg","area":"Barnim","water":"Werbellinsee","status":"green","status_label":"Zum Baden geeignet","date":"2026-07-27","temp":21.8,"visibility":"3,0","ecoli":"15","entero":"15","coliform":null,"bacteriology":"keine Beanstandungen","warn":null,"info":null,"forecast":null,"eu_class":"ausgezeichnet","amenities":{"wc":"ja","gastro":"ja","rettung":"nein","abfall":"nein","strand":"Wiese/Sand"},"link":"https://badestellen.brandenburg.de/badestelle/-/details/18","pct":{"ecoli":72,"entero":62,"visibility":93,"temp":65},"pct_n":{"ecoli":292,"entero":292,"visibility":290,"temp":292}}},{"type":"Feature","geometry":{"type":"Point","coordinates":[14.336484,52.510052]},"properties":{"id":"BB-129","name":"Diedersdorf, Weinbergsee","region":"brandenburg","area":"Märkisch-Oderland","water":"Weinbergsee","status":"green","status_label":"Zum Baden geeignet","date":"2026-07-29","temp":21.3,"visibility":"1,1","ecoli":"30","entero":"15","coliform":null,"bacteriology":"keine Beanstandungen","warn":null,"info":null,"forecast":null,"eu_class":"ausgezeichnet","amenities":{"wc":"nein","gastro":"nein","rettung":"nein","abfall":"ja","strand":"Wiese"},"link":"https://badestellen.brandenburg.de/badestelle/-/details/129","pct":{"ecoli":40,"entero":62,"visibility":44,"temp":49},"pct_n":{"ecoli":292,"entero":292,"visibility":290,"temp":292}}},{"type":"Feature","geometry":{"type":"Point","coordinates":[13.471303,52.756235]},"properties":{"id":"BB-13","name":"Wandlitz, Strandbad, Wandlitzsee","region":"brandenburg","area":"Barnim","water":"Wandlitzsee","status":"green","status_label":"Zum Baden geeignet","date":"2026-07-28","temp":21.1,"visibility":"3,0","ecoli":"332","entero":"77","coliform":null,"bacteriology":"keine Beanstandungen","warn":null,"info":null,"forecast":null,"eu_class":"ausgezeichnet","amenities":{"wc":"ja","gastro":"ja","rettung":"ja","abfall":"ja","strand":"Sand/Wiese"},"link":"https://badestellen.brandenburg.de/badestelle/-/details/13","pct":{"ecoli":3,"entero":6,"visibility":93,"temp":44},"pct_n":{"ecoli":292,"entero":292,"visibility":290,"temp":292}}},{"type":"Feature","geometry":{"type":"Point","coordinates":[13.158752,52.747443]},"properties":{"id":"BB-149","name":"Tier- und Freizeitpark Oranienburg OT Germendorf, Waldsee","region":"brandenburg","area":"Oberhavel","water":"Waldsee","status":"yellow","status_label":"Beanstandet – Warnhinweise beachten","date":"2026-07-29","temp":25.9,"visibility":"0,4","ecoli":"161","entero":"161","coliform":null,"bacteriology":"keine Beanstandungen","warn":"Mikroskopischer Nachweis von Bla...","info":null,"forecast":null,"eu_class":"ausgezeichnet","amenities":{"wc":"ja","gastro":"ja","rettung":"ja","abfall":"ja","strand":"Sand/Wiese"},"link":"https://badestellen.brandenburg.de/badestelle/-/details/149","pct":{"ecoli":9,"entero":2,"visibility":2,"temp":90},"pct_n":{"ecoli":292,"entero":292,"visibility":290,"temp":292}}},{"type":"Feature","geometry":{"type":"Point","coordinates":[13.451125,51.50201]},"properties":{"id":"BB-26","name":"Am Rettungsturm, Waldbad Zeischa","region":"brandenburg","area":"Elbe-Elster","water":"Waldbad Zeischa","status":"green","status_label":"Zum Baden geeignet","date":"2026-07-29","temp":23.0,"visibility":"2,0","ecoli":"30","entero":"15","coliform":null,"bacteriology":"keine Beanstandungen","warn":null,"info":null,"forecast":null,"eu_class":"ausgezeichnet","amenities":{"wc":"ja","gastro":"ja","rettung":"ja (zeitweise)","abfall":"ja","strand":"Sand/Kies"},"link":"https://badestellen.brandenburg.de/badestelle/-/details/26","pct":{"ecoli":40,"entero":62,"visibility":75,"temp":80},"pct_n":{"ecoli":292,"entero":292,"visibility":290,"temp":292}}},{"type":"Feature","geometry":{"type":"Point","coordinates":[14.105685,52.726305]},"properties":{"id":"BB-128","name":"Wriezen, Waldbad","region":"brandenburg","area":"Märkisch-Oderland","water":"Waldbad","status":"green","status_label":"Zum Baden geeignet","date":"2026-07-28","temp":21.5,"visibility":"2,0","ecoli":"15","entero":"15","coliform":null,"bacteriology":"keine Beanstandungen","warn":null,"info":null,"forecast":null,"eu_class":"ausgezeichnet","amenities":{"wc":"ja","gastro":"nein","rettung":"ja","abfall":"ja","strand":"Sand/Wiese"},"link":"https://badestellen.brandenburg.de/badestelle/-/details/128","pct":{"ecoli":72,"entero":62,"visibility":75,"temp":57},"pct_n":{"ecoli":292,"entero":292,"visibility":290,"temp":292}}},{"type":"Feature","geometry":{"type":"Point","coordinates":[13.342899,53.000144]},"properties":{"id":"BB-148","name":"Zehdenick-Neuhof, Waldbad","region":"brandenburg","area":"Oberhavel","water":"Waldbad","status":"green","status_label":"Zum Baden geeignet","date":"2026-07-27","temp":20.6,"visibility":"1,0","ecoli":"46","entero":"30","coliform":null,"bacteriology":"keine Beanstandungen","warn":null,"info":null,"forecast":null,"eu_class":"ausgezeichnet","amenities":{"wc":"ja","gastro":"ja","rettung":"ja","abfall":"ja","strand":"Sand/Wiese"},"link":"https://badestellen.brandenburg.de/badestelle/-/details/148","pct":{"ecoli":32,"entero":20,"visibility":33,"temp":20},"pct_n":{"ecoli":292,"entero":292,"visibility":290,"temp":292}}},{"type":"Feature","geometry":{"type":"Point","coordinates":[13.057538,52.166338]},"properties":{"id":"BB-212","name":"Dobbrikow, Strand, Vordersee","region":"brandenburg","area":"Teltow-Fläming","water":"Vordersee","status":"green","status_label":"Zum Baden geeignet","date":"2026-07-29","temp":22.0,"visibility":"1,0","ecoli":"15","entero":"30","coliform":null,"bacteriology":"keine Beanstandungen","warn":null,"info":null,"forecast":null,"eu_class":"ausgezeichnet","amenities":{"wc":"ja (mobil)","gastro":"ja","rettung":"nein","abfall":"ja","strand":"Kies/Wiese"},"link":"https://badestellen.brandenburg.de/badestelle/-/details/212","pct":{"ecoli":72,"entero":20,"visibility":33,"temp":70},"pct_n":{"ecoli":292,"entero":292,"visibility":290,"temp":292}}},{"type":"Feature","geometry":{"type":"Point","coordinates":[14.181739,52.5417]},"properties":{"id":"BB-127","name":"Obersdorf, Vorder- oder Haussee","region":"brandenburg","area":"Märkisch-Oderland","water":"Vorder- oder Haussee","status":"green","status_label":"Zum Baden geeignet","date":"2026-07-29","temp":21.4,"visibility":"1,2","ecoli":"30","entero":"143","coliform":null,"bacteriology":"keine Beanstandungen","warn":null,"info":null,"forecast":null,"eu_class":"ausgezeichnet","amenities":{"wc":"nein","gastro":"nein","rettung":"nein","abfall":"ja","strand":"Wiese"},"link":"https://badestellen.brandenburg.de/badestelle/-/details/127","pct":{"ecoli":40,"entero":3,"visibility":48,"temp":53},"pct_n":{"ecoli":292,"entero":292,"visibility":290,"temp":292}}},{"type":"Feature","geometry":{"type":"Point","coordinates":[13.860845,53.304926]},"properties":{"id":"BB-245","name":"Prenzlau, Seebadeanstalt, Unteruckersee","region":"brandenburg","area":"Uckermark","water":"Unteruckersee","status":"green","status_label":"Zum Baden geeignet","date":"2026-07-28","temp":20.0,"visibility":"2,5","ecoli":"15","entero":"15","coliform":null,"bacteriology":"keine Beanstandungen","warn":null,"info":null,"forecast":null,"eu_class":"ausgezeichnet","amenities":{"wc":"ja","gastro":"ja","rettung":"ja","abfall":"ja","strand":"Sand/Wiese"},"link":"https://badestellen.brandenburg.de/badestelle/-/details/245","pct":{"ecoli":72,"entero":62,"visibility":86,"temp":5},"pct_n":{"ecoli":292,"entero":292,"visibility":290,"temp":292}}},{"type":"Feature","geometry":{"type":"Point","coordinates":[13.869029,53.29223]},"properties":{"id":"BB-244","name":"Prenzlau, Am Kap, Unteruckersee","region":"brandenburg","area":"Uckermark","water":"Unteruckersee","status":"green","status_label":"Zum Baden geeignet","date":"2026-07-28","temp":19.7,"visibility":"1,0","ecoli":"15","entero":"15","coliform":null,"bacteriology":"keine Beanstandungen","warn":null,"info":null,"forecast":null,"eu_class":"ausgezeichnet","amenities":{"wc":"ja","gastro":"ja","rettung":"nein","abfall":"ja","strand":"Sand/Wiese"},"link":"https://badestellen.brandenburg.de/badestelle/-/details/244","pct":{"ecoli":72,"entero":62,"visibility":33,"temp":2},"pct_n":{"ecoli":292,"entero":292,"visibility":290,"temp":292}}},{"type":"Feature","geometry":{"type":"Point","coordinates":[13.848782,53.282471]},"properties":{"id":"BB-246","name":"Röpersdorf, Unteruckersee","region":"brandenburg","area":"Uckermark","water":"Unteruckersee","status":"green","status_label":"Zum Baden geeignet","date":"2026-07-28","temp":19.6,"visibility":"1,0","ecoli":"15","entero":"15","coliform":null,"bacteriology":"keine Beanstandungen","warn":null,"info":null,"forecast":null,"eu_class":"ausgezeichnet","amenities":{"wc":"nein","gastro":"nein","rettung":"nein","abfall":"ja","strand":"Sand/Wiese"},"link":"https://badestellen.brandenburg.de/badestelle/-/details/246","pct":{"ecoli":72,"entero":62,"visibility":33,"temp":2},"pct_n":{"ecoli":292,"entero":292,"visibility":290,"temp":292}}},{"type":"Feature","geometry":{"type":"Point","coordinates":[12.445361,52.939443]},"properties":{"id":"BB-169","name":"Kyritz, Freibad, Untersee","region":"brandenburg","area":"Ostprignitz-Ruppin","water":"Untersee","status":"green","status_label":"Zum Baden geeignet","date":"2026-07-27","temp":21.0,"visibility":"1,0","ecoli":"30","entero":"15","coliform":null,"bacteriology":"keine Beanstandungen","warn":null,"info":null,"forecast":null,"eu_class":"ausgezeichnet","amenities":{"wc":"ja","gastro":"ja","rettung":"ja","abfall":"ja","strand":"Sand"},"link":"https://badestellen.brandenburg.de/badestelle/-/details/169","pct":{"ecoli":40,"entero":62,"visibility":33,"temp":37},"pct_n":{"ecoli":292,"entero":292,"visibility":290,"temp":292}}},{"type":"Feature","geometry":{"type":"Point","coordinates":[12.451045,52.934665]},"properties":{"id":"BB-168","name":"Bantikow, Untersee","region":"brandenburg","area":"Ostprignitz-Ruppin","water":"Untersee","status":"green","status_label":"Zum Baden geeignet","date":"2026-07-27","temp":21.0,"visibility":"1,0","ecoli":"15","entero":"15","coliform":null,"bacteriology":"keine Beanstandungen","warn":null,"info":null,"forecast":null,"eu_class":"ausgezeichnet","amenities":{"wc":"nein","gastro":"ja","rettung":"nein","abfall":"ja","strand":"Wiese"},"link":"https://badestellen.brandenburg.de/badestelle/-/details/168","pct":{"ecoli":72,"entero":62,"visibility":33,"temp":37},"pct_n":{"ecoli":292,"entero":292,"visibility":290,"temp":292}}},{"type":"Feature","geometry":{"type":"Point","coordinates":[13.019962,52.359606]},"properties":{"id":"BB-179","name":"Waldbad Templin, Havel, Templiner See","region":"brandenburg","area":"Potsdam","water":"Havel, Templiner See","status":"yellow","status_label":"Beanstandet – Warnhinweise beachten","date":"2026-07-28","temp":20.9,"visibility":"1,0","ecoli":"46","entero":"15","coliform":null,"bacteriology":"keine Beanstandungen","warn":"Gefahr einer Algen- und Blaualge...","info":null,"forecast":null,"eu_class":"ausgezeichnet","amenities":{"wc":"ja","gastro":"ja","rettung":"ja","abfall":"ja","strand":"Sand/Wiese"},"link":"https://badestellen.brandenburg.de/badestelle/-/details/179","pct":{"ecoli":32,"entero":62,"visibility":33,"temp":32},"pct_n":{"ecoli":292,"entero":292,"visibility":290,"temp":292}}},{"type":"Feature","geometry":{"type":"Point","coordinates":[13.660886,52.857404]},"properties":{"id":"BB-12","name":"Finowfurt, Ferienpark \"Üdersee-Camp\", Üdersee","region":"brandenburg","area":"Barnim","water":"Üdersee","status":"green","status_label":"Zum Baden geeignet","date":"2026-07-27","temp":20.5,"visibility":"3,0","ecoli":"15","entero":"15","coliform":null,"bacteriology":"keine Beanstandungen","warn":null,"info":null,"forecast":null,"eu_class":"ausgezeichnet","amenities":{"wc":"ja","gastro":"ja","rettung":"nein","abfall":"ja","strand":"Sand/Wiese"},"link":"https://badestellen.brandenburg.de/badestelle/-/details/12","pct":{"ecoli":72,"entero":62,"visibility":93,"temp":16},"pct_n":{"ecoli":292,"entero":292,"visibility":290,"temp":292}}},{"type":"Feature","geometry":{"type":"Point","coordinates":[14.042753,52.401655]},"properties":{"id":"BB-107","name":"Fürstenwalde -Trebus, Strand, Trebuser See","region":"brandenburg","area":"Oder-Spree","water":"Trebuser See","status":"green","status_label":"Zum Baden geeignet","date":"2026-07-28","temp":20.7,"visibility":"2,0","ecoli":"46","entero":"15","coliform":null,"bacteriology":"keine Beanstandungen","warn":null,"info":null,"forecast":null,"eu_class":"ausgezeichnet","amenities":{"wc":"ja (Trocken- oder Dixitoilette)","gastro":"nein","rettung":"nein","abfall":"ja","strand":"Wiese"},"link":"https://badestellen.brandenburg.de/badestelle/-/details/107","pct":{"ecoli":32,"entero":62,"visibility":75,"temp":24},"pct_n":{"ecoli":292,"entero":292,"visibility":290,"temp":292}}},{"type":"Feature","geometry":{"type":"Point","coordinates":[13.685069,52.161292]},"properties":{"id":"BB-70","name":"Groß Köris OT Klein Köris, Tonsee","region":"brandenburg","area":"Dahme-Spreewald","water":"Tonsee","status":"green","status_label":"Zum Baden geeignet","date":"2026-06-29","temp":26.8,"visibility":"3,0","ecoli":"30","entero":"15","coliform":null,"bacteriology":"keine Beanstandungen","warn":null,"info":null,"forecast":null,"eu_class":"ausgezeichnet","amenities":{"wc":"ja","gastro":"nein","rettung":"nein","abfall":"nein","strand":"Sand"},"link":"https://badestellen.brandenburg.de/badestelle/-/details/70","pct":{"ecoli":40,"entero":62,"visibility":93,"temp":93},"pct_n":{"ecoli":292,"entero":292,"visibility":290,"temp":292}}},{"type":"Feature","geometry":{"type":"Point","coordinates":[13.647068,52.249561]},"properties":{"id":"BB-69","name":"Bestensee, Todnitzsee","region":"brandenburg","area":"Dahme-Spreewald","water":"Todnitzsee","status":"green","status_label":"Zum Baden geeignet","date":"2026-06-29","temp":27.5,"visibility":"1,5","ecoli":"15","entero":"92","coliform":null,"bacteriology":"keine Beanstandungen","warn":null,"info":null,"forecast":null,"eu_class":"ausgezeichnet","amenities":{"wc":"nein","gastro":"nein","rettung":"nein","abfall":"ja","strand":"Sand"},"link":"https://badestellen.brandenburg.de/badestelle/-/details/69","pct":{"ecoli":72,"entero":6,"visibility":57,"temp":96},"pct_n":{"ecoli":292,"entero":292,"visibility":290,"temp":292}}},{"type":"Feature","geometry":{"type":"Point","coordinates":[14.201708,52.130694]},"properties":{"id":"BB-105","name":"Ranzig, Tiefer See","region":"brandenburg","area":"Oder-Spree","water":"Tiefer See","status":"green","status_label":"Zum Baden geeignet","date":"2026-07-27","temp":21.7,"visibility":"1,5","ecoli":"15","entero":"61","coliform":null,"bacteriology":"keine Beanstandungen","warn":null,"info":null,"forecast":null,"eu_class":"gut","amenities":{"wc":"ja","gastro":"ja","rettung":"nein","abfall":"ja","strand":"Sand"},"link":"https://badestellen.brandenburg.de/badestelle/-/details/105","pct":{"ecoli":72,"entero":9,"visibility":57,"temp":62},"pct_n":{"ecoli":292,"entero":292,"visibility":290,"temp":292}}},{"type":"Feature","geometry":{"type":"Point","coordinates":[13.589599,52.13264]},"properties":{"id":"BB-68","name":"Egsdorf, Teupitzer See","region":"brandenburg","area":"Dahme-Spreewald","water":"Teupitzer See","status":"green","status_label":"Zum Baden geeignet","date":"2026-06-29","temp":27.8,"visibility":"0,8","ecoli":"215","entero":"330","coliform":null,"bacteriology":"keine Beanstandungen","warn":null,"info":null,"forecast":null,"eu_class":"gut","amenities":{"wc":"nein","gastro":"nein","rettung":"nein","abfall":"ja","strand":"Sand/Wiese"},"link":"https://badestellen.brandenburg.de/badestelle/-/details/68","pct":{"ecoli":5,"entero":1,"visibility":17,"temp":97},"pct_n":{"ecoli":292,"entero":292,"visibility":290,"temp":292}}},{"type":"Feature","geometry":{"type":"Point","coordinates":[13.606314,52.130276]},"properties":{"id":"BB-67","name":"Teupitz, Teupitzer See","region":"brandenburg","area":"Dahme-Spreewald","water":"Teupitzer See","status":"green","status_label":"Zum Baden geeignet","date":"2026-06-29","temp":28.2,"visibility":"0,9","ecoli":"330","entero":"252","coliform":null,"bacteriology":"keine Beanstandungen","warn":null,"info":null,"forecast":null,"eu_class":"ausgezeichnet","amenities":{"wc":"nein","gastro":"nein","rettung":"nein","abfall":"ja","strand":"Wiese"},"link":"https://badestellen.brandenburg.de/badestelle/-/details/67","pct":{"ecoli":3,"entero":1,"visibility":22,"temp":99},"pct_n":{"ecoli":292,"entero":292,"visibility":290,"temp":292}}},{"type":"Feature","geometry":{"type":"Point","coordinates":[13.887,52.5882]},"properties":{"id":"BB-125","name":"Strausberg, Liegewiesen Nord-Badstraße, Straussee","region":"brandenburg","area":"Märkisch-Oderland","water":"Straussee","status":"green","status_label":"Zum Baden geeignet","date":"2026-07-29","temp":20.8,"visibility":"4,0","ecoli":"61","entero":"30","coliform":null,"bacteriology":"keine Beanstandungen","warn":null,"info":null,"forecast":null,"eu_class":"ausgezeichnet","amenities":{"wc":"nein","gastro":"nein","rettung":"nein","abfall":"ja","strand":"Wiese"},"link":"https://badestellen.brandenburg.de/badestelle/-/details/125","pct":{"ecoli":26,"entero":20,"visibility":98,"temp":28},"pct_n":{"ecoli":292,"entero":292,"visibility":290,"temp":292}}},{"type":"Feature","geometry":{"type":"Point","coordinates":[13.9498,52.2506]},"properties":{"id":"BB-263","name":"Storkow, Karlslust, Storkower See","region":"brandenburg","area":"Oder-Spree","water":"Storkower See","status":"green","status_label":"Zum Baden geeignet","date":"2026-07-28","temp":22.0,"visibility":"2,0","ecoli":"15","entero":"15","coliform":null,"bacteriology":"keine Beanstandungen","warn":null,"info":null,"forecast":null,"eu_class":"ausgezeichnet","amenities":{"wc":"ja","gastro":"ja","rettung":"nein","abfall":"ja","strand":"Sand/Wiese"},"link":"https://badestellen.brandenburg.de/badestelle/-/details/263","pct":{"ecoli":72,"entero":62,"visibility":75,"temp":70},"pct_n":{"ecoli":292,"entero":292,"visibility":290,"temp":292}}},{"type":"Feature","geometry":{"type":"Point","coordinates":[13.987189,52.23336]},"properties":{"id":"BB-102","name":"Dahmsdorf, Storkower See","region":"brandenburg","area":"Oder-Spree","water":"Storkower See","status":"green","status_label":"Zum Baden geeignet","date":"2026-07-28","temp":20.9,"visibility":"1,5","ecoli":"15","entero":"15","coliform":null,"bacteriology":"keine Beanstandungen","warn":null,"info":null,"forecast":null,"eu_class":"ausgezeichnet","amenities":{"wc":"nein","gastro":"nein","rettung":"nein","abfall":"ja","strand":"Wiese"},"link":"https://badestellen.brandenburg.de/badestelle/-/details/102","pct":{"ecoli":72,"entero":62,"visibility":57,"temp":32},"pct_n":{"ecoli":292,"entero":292,"visibility":290,"temp":292}}},{"type":"Feature","geometry":{"type":"Point","coordinates":[13.942015,52.259191]},"properties":{"id":"BB-103","name":"Storkow, Strandbad, Storkower See","region":"brandenburg","area":"Oder-Spree","water":"Storkower See","status":"green","status_label":"Zum Baden geeignet","date":"2026-07-28","temp":21.1,"visibility":"2,0","ecoli":"179","entero":"30","coliform":null,"bacteriology":"keine Beanstandungen","warn":null,"info":null,"forecast":null,"eu_class":"ausgezeichnet","amenities":{"wc":"ja","gastro":"ja","rettung":"ja","abfall":"ja","strand":"Wiese"},"link":"https://badestellen.brandenburg.de/badestelle/-/details/103","pct":{"ecoli":8,"entero":20,"visibility":75,"temp":44},"pct_n":{"ecoli":292,"entero":292,"visibility":290,"temp":292}}},{"type":"Feature","geometry":{"type":"Point","coordinates":[13.961253,52.254174]},"properties":{"id":"BB-104","name":"Storkow, Wolfswinkel, Storkower See","region":"brandenburg","area":"Oder-Spree","water":"Storkower See","status":"green","status_label":"Zum Baden geeignet","date":"2026-07-28","temp":21.5,"visibility":"2,0","ecoli":"15","entero":"15","coliform":null,"bacteriology":"keine Beanstandungen","warn":null,"info":null,"forecast":null,"eu_class":"ausgezeichnet","amenities":{"wc":"ja","gastro":"ja","rettung":"nein","abfall":"ja","strand":"Wiese"},"link":"https://badestellen.brandenburg.de/badestelle/-/details/104","pct":{"ecoli":72,"entero":62,"visibility":75,"temp":57},"pct_n":{"ecoli":292,"entero":292,"visibility":290,"temp":292}}},{"type":"Feature","geometry":{"type":"Point","coordinates":[13.849998,52.381515]},"properties":{"id":"BB-101","name":"Spreeau, Störitzland, Störitzsee","region":"brandenburg","area":"Oder-Spree","water":"Störitzsee","status":"green","status_label":"Zum Baden geeignet","date":"2026-07-27","temp":22.0,"visibility":"1,6","ecoli":"15","entero":"15","coliform":null,"bacteriology":"keine Beanstandungen","warn":null,"info":null,"forecast":null,"eu_class":"ausgezeichnet","amenities":{"wc":"ja","gastro":"ja","rettung":"nein","abfall":"ja","strand":"Sand/Wiese"},"link":"https://badestellen.brandenburg.de/badestelle/-/details/101","pct":{"ecoli":72,"entero":62,"visibility":62,"temp":70},"pct_n":{"ecoli":292,"entero":292,"visibility":290,"temp":292}}},{"type":"Feature","geometry":{"type":"Point","coordinates":[13.440343,52.760498]},"properties":{"id":"BB-11","name":"Stolzenhagen, Strandbad, Stolzenhagener See","region":"brandenburg","area":"Barnim","water":"Stolzenhagener See","status":"green","status_label":"Zum Baden geeignet","date":"2026-07-28","temp":21.9,"visibility":"3,0","ecoli":"197","entero":"15","coliform":null,"bacteriology":"keine Beanstandungen","warn":null,"info":null,"forecast":null,"eu_class":"ausgezeichnet","amenities":{"wc":"ja","gastro":"ja","rettung":"nein","abfall":"ja","strand":"Sand/Wiese"},"link":"https://badestellen.brandenburg.de/badestelle/-/details/11","pct":{"ecoli":6,"entero":62,"visibility":93,"temp":67},"pct_n":{"ecoli":292,"entero":292,"visibility":290,"temp":292}}},{"type":"Feature","geometry":{"type":"Point","coordinates":[13.235136,53.168792]},"properties":{"id":"BB-146","name":"Fürstenberg OT Himmelpfort, Campingplatz, Stolpsee","region":"brandenburg","area":"Oberhavel","water":"Stolpsee","status":"green","status_label":"Zum Baden geeignet","date":"2026-07-28","temp":20.1,"visibility":"0,6","ecoli":"15","entero":"15","coliform":null,"bacteriology":"keine Beanstandungen","warn":null,"info":null,"forecast":null,"eu_class":"ausgezeichnet","amenities":{"wc":"nein","gastro":"nein","rettung":"nein","abfall":"ja","strand":"Wiese/Sand"},"link":"https://badestellen.brandenburg.de/badestelle/-/details/146","pct":{"ecoli":72,"entero":62,"visibility":10,"temp":8},"pct_n":{"ecoli":292,"entero":292,"visibility":290,"temp":292}}},{"type":"Feature","geometry":{"type":"Point","coordinates":[13.222411,53.176227]},"properties":{"id":"BB-147","name":"Fürstenberg OT Himmelpfort, Fürstenberger Straße, Stolpsee","region":"brandenburg","area":"Oberhavel","water":"Stolpsee","status":"green","status_label":"Zum Baden geeignet","date":"2026-07-28","temp":20.1,"visibility":"0,5","ecoli":"30","entero":"15","coliform":null,"bacteriology":"keine Beanstandungen","warn":null,"info":null,"forecast":null,"eu_class":"ausgezeichnet","amenities":{"wc":"ja","gastro":"nein","rettung":"nein","abfall":"ja","strand":"Wiese/Sand"},"link":"https://badestellen.brandenburg.de/badestelle/-/details/147","pct":{"ecoli":40,"entero":62,"visibility":6,"temp":8},"pct_n":{"ecoli":292,"entero":292,"visibility":290,"temp":292}}},{"type":"Feature","geometry":{"type":"Point","coordinates":[13.993102,52.171993]},"properties":{"id":"BB-100","name":"Limsdorf, Springsee","region":"brandenburg","area":"Oder-Spree","water":"Springsee","status":"green","status_label":"Zum Baden geeignet","date":"2026-07-27","temp":20.8,"visibility":"2,0","ecoli":"46","entero":"15","coliform":null,"bacteriology":"keine Beanstandungen","warn":null,"info":null,"forecast":null,"eu_class":"ausgezeichnet","amenities":{"wc":"ja","gastro":"ja","rettung":"nein","abfall":"ja","strand":"Sand/Wiese"},"link":"https://badestellen.brandenburg.de/badestelle/-/details/100","pct":{"ecoli":32,"entero":62,"visibility":75,"temp":28},"pct_n":{"ecoli":292,"entero":292,"visibility":290,"temp":292}}},{"type":"Feature","geometry":{"type":"Point","coordinates":[14.242779,52.164941]},"properties":{"id":"BB-99","name":"Beeskow, Spreepark, Spree bei Beeskow","region":"brandenburg","area":"Oder-Spree","water":"Spree bei Beeskow","status":"green","status_label":"Zum Baden geeignet","date":"2026-07-27","temp":22.0,"visibility":"0,8","ecoli":"30","entero":"15","coliform":null,"bacteriology":"keine Beanstandungen","warn":null,"info":null,"forecast":null,"eu_class":"ausgezeichnet","amenities":{"wc":"ja","gastro":"ja","rettung":"ja","abfall":"ja","strand":"Wiese"},"link":"https://badestellen.brandenburg.de/badestelle/-/details/99","pct":{"ecoli":40,"entero":62,"visibility":17,"temp":70},"pct_n":{"ecoli":292,"entero":292,"visibility":290,"temp":292}}},{"type":"Feature","geometry":{"type":"Point","coordinates":[14.14856,52.347972]},"properties":{"id":"BB-98","name":"Berkenbrück, Spree","region":"brandenburg","area":"Oder-Spree","water":"Spree","status":"green","status_label":"Zum Baden geeignet","date":"2026-07-28","temp":20.5,"visibility":"0,6","ecoli":"15","entero":"15","coliform":null,"bacteriology":"keine Beanstandungen","warn":null,"info":null,"forecast":null,"eu_class":"ausgezeichnet","amenities":{"wc":"ja","gastro":"ja","rettung":"nein","abfall":"ja","strand":"Wiese"},"link":"https://badestellen.brandenburg.de/badestelle/-/details/98","pct":{"ecoli":72,"entero":62,"visibility":10,"temp":16},"pct_n":{"ecoli":292,"entero":292,"visibility":290,"temp":292}}},{"type":"Feature","geometry":{"type":"Point","coordinates":[13.8991,51.9376]},"properties":{"id":"BB-265","name":"SpreeLagune Lübben/Spreewald, Spree","region":"brandenburg","area":"Dahme-Spreewald","water":"Spree","status":"green","status_label":"Zum Baden geeignet","date":"2026-07-03","temp":22.3,"visibility":"1,8","ecoli":"94","entero":"30","coliform":null,"bacteriology":"keine Beanstandungen","warn":null,"info":null,"forecast":null,"eu_class":"gut","amenities":{"wc":"ja","gastro":"nein","rettung":"nein","abfall":"ja","strand":"Sand"},"link":"https://badestellen.brandenburg.de/badestelle/-/details/265","pct":{"ecoli":17,"entero":20,"visibility":65,"temp":76},"pct_n":{"ecoli":292,"entero":292,"visibility":290,"temp":292}}},{"type":"Feature","geometry":{"type":"Point","coordinates":[13.90061,51.934922]},"properties":{"id":"BB-66","name":"Naturbadestelle Lübben/Steinkirchen, Spree","region":"brandenburg","area":"Dahme-Spreewald","water":"Spree","status":"green","status_label":"Zum Baden geeignet","date":"2026-06-29","temp":27.0,"visibility":"1,6","ecoli":"144","entero":"46","coliform":null,"bacteriology":"keine Beanstandungen","warn":null,"info":null,"forecast":null,"eu_class":"ausgezeichnet","amenities":{"wc":"nein","gastro":"nein","rettung":"nein","abfall":"ja","strand":"Wiese"},"link":"https://badestellen.brandenburg.de/badestelle/-/details/66","pct":{"ecoli":10,"entero":13,"visibility":62,"temp":94},"pct_n":{"ecoli":292,"entero":292,"visibility":290,"temp":292}}},{"type":"Feature","geometry":{"type":"Point","coordinates":[13.208377,52.294179]},"properties":{"id":"BB-211","name":"Siethen, Strand Potsdamer Chaussee, Ortsausgang, Siethener See","region":"brandenburg","area":"Teltow-Fläming","water":"Siethener See","status":"green","status_label":"Zum Baden geeignet","date":"2026-07-29","temp":23.0,"visibility":"1,3","ecoli":"15","entero":"15","coliform":null,"bacteriology":"keine Beanstandungen","warn":null,"info":null,"forecast":null,"eu_class":"ausgezeichnet","amenities":{"wc":"nein","gastro":"nein","rettung":"nein","abfall":"ja","strand":"Sand"},"link":"https://badestellen.brandenburg.de/badestelle/-/details/211","pct":{"ecoli":72,"entero":62,"visibility":51,"temp":80},"pct_n":{"ecoli":292,"entero":292,"visibility":290,"temp":292}}},{"type":"Feature","geometry":{"type":"Point","coordinates":[14.02414,51.511702]},"properties":{"id":"BB-178","name":"Senftenberg/Buchwalde, Senftenberger See","region":"brandenburg","area":"Oberspreewald-Lausitz","water":"Senftenberger See","status":"green","status_label":"Zum Baden geeignet","date":"2026-07-27","temp":20.5,"visibility":"2,5","ecoli":"30","entero":"46","coliform":null,"bacteriology":"keine Beanstandungen","warn":null,"info":null,"forecast":null,"eu_class":"ausgezeichnet","amenities":{"wc":"ja","gastro":"ja","rettung":"nein","abfall":"ja","strand":"Sand/Wiese"},"link":"https://badestellen.brandenburg.de/badestelle/-/details/178","pct":{"ecoli":40,"entero":13,"visibility":86,"temp":16},"pct_n":{"ecoli":292,"entero":292,"visibility":290,"temp":292}}},{"type":"Feature","geometry":{"type":"Point","coordinates":[14.057768,51.498066]},"properties":{"id":"BB-175","name":"Großkoschen, Senftenberger See","region":"brandenburg","area":"Oberspreewald-Lausitz","water":"Senftenberger See","status":"green","status_label":"Zum Baden geeignet","date":"2026-07-27","temp":21.5,"visibility":"2,0","ecoli":"15","entero":"15","coliform":null,"bacteriology":"keine Beanstandungen","warn":"Prädikat \"Blaue Flagge\"","info":null,"forecast":null,"eu_class":"ausgezeichnet","amenities":{"wc":"ja","gastro":"ja","rettung":"ja (WRD)","abfall":"ja","strand":"Sand/Wiese"},"link":"https://badestellen.brandenburg.de/badestelle/-/details/175","pct":{"ecoli":72,"entero":62,"visibility":75,"temp":57},"pct_n":{"ecoli":292,"entero":292,"visibility":290,"temp":292}}},{"type":"Feature","geometry":{"type":"Point","coordinates":[13.988976,51.506611]},"properties":{"id":"BB-177","name":"Senftenberg - Stadt, Senftenberger See","region":"brandenburg","area":"Oberspreewald-Lausitz","water":"Senftenberger See","status":"green","status_label":"Zum Baden geeignet","date":"2026-07-27","temp":20.6,"visibility":"2,5","ecoli":"61","entero":"30","coliform":null,"bacteriology":"keine Beanstandungen","warn":null,"info":null,"forecast":null,"eu_class":"ausgezeichnet","amenities":{"wc":"ja","gastro":"ja","rettung":"nein","abfall":"ja","strand":"Sand/Wiese"},"link":"https://badestellen.brandenburg.de/badestelle/-/details/177","pct":{"ecoli":26,"entero":20,"visibility":86,"temp":20},"pct_n":{"ecoli":292,"entero":292,"visibility":290,"temp":292}}},{"type":"Feature","geometry":{"type":"Point","coordinates":[13.988467,51.498991]},"properties":{"id":"BB-176","name":"Niemtsch, Senftenberger See","region":"brandenburg","area":"Oberspreewald-Lausitz","water":"Senftenberger See","status":"green","status_label":"Zum Baden geeignet","date":"2026-07-27","temp":20.5,"visibility":"2,0","ecoli":"30","entero":"30","coliform":null,"bacteriology":"keine Beanstandungen","warn":null,"info":null,"forecast":null,"eu_class":"ausgezeichnet","amenities":{"wc":"ja","gastro":"ja","rettung":"nein","abfall":"ja","strand":"Sand/Wiese/Steine"},"link":"https://badestellen.brandenburg.de/badestelle/-/details/176","pct":{"ecoli":40,"entero":20,"visibility":75,"temp":16},"pct_n":{"ecoli":292,"entero":292,"visibility":290,"temp":292}}},{"type":"Feature","geometry":{"type":"Point","coordinates":[12.979449,52.343975]},"properties":{"id":"BB-187","name":"Strandbad Caputh, Schwielowsee","region":"brandenburg","area":"Potsdam-Mittelmark","water":"Schwielowsee","status":"green","status_label":"Zum Baden geeignet","date":"2026-07-27","temp":21.6,"visibility":"0,5","ecoli":"77","entero":"15","coliform":null,"bacteriology":"keine Beanstandungen","warn":null,"info":null,"forecast":null,"eu_class":"ausgezeichnet","amenities":{"wc":"ja","gastro":"ja","rettung":"nein","abfall":"ja","strand":"Sand"},"link":"https://badestellen.brandenburg.de/badestelle/-/details/187","pct":{"ecoli":21,"entero":62,"visibility":6,"temp":59},"pct_n":{"ecoli":292,"entero":292,"visibility":290,"temp":292}}},{"type":"Feature","geometry":{"type":"Point","coordinates":[12.939071,52.314387]},"properties":{"id":"BB-188","name":"Strandbad Ferch, Schwielowsee","region":"brandenburg","area":"Potsdam-Mittelmark","water":"Schwielowsee","status":"green","status_label":"Zum Baden geeignet","date":"2026-07-27","temp":21.2,"visibility":"1,0","ecoli":"30","entero":"15","coliform":null,"bacteriology":"keine Beanstandungen","warn":null,"info":null,"forecast":null,"eu_class":"ausgezeichnet","amenities":{"wc":"ja","gastro":"ja","rettung":"nein","abfall":"ja","strand":"Sand"},"link":"https://badestellen.brandenburg.de/badestelle/-/details/188","pct":{"ecoli":40,"entero":62,"visibility":33,"temp":47},"pct_n":{"ecoli":292,"entero":292,"visibility":290,"temp":292}}},{"type":"Feature","geometry":{"type":"Point","coordinates":[14.21214,52.066001]},"properties":{"id":"BB-97","name":"Niewisch, Schwielochsee","region":"brandenburg","area":"Oder-Spree","water":"Schwielochsee","status":"yellow","status_label":"Beanstandet – Warnhinweise beachten","date":"2026-07-29","temp":21.4,"visibility":"0,4","ecoli":"215","entero":"15","coliform":null,"bacteriology":"keine Beanstandungen","warn":"Aufgrund der geringen Sichttiefe können Rettungsmaßnahmen deutlich erschwert sein. Gefahr der Blaualgenmassenentwicklung, bitte die Hinweise vor Ort beachten!","info":null,"forecast":null,"eu_class":"ausgezeichnet","amenities":{"wc":"ja","gastro":"ja","rettung":"nein","abfall":"ja","strand":"Sand"},"link":"https://badestellen.brandenburg.de/badestelle/-/details/97","pct":{"ecoli":5,"entero":62,"visibility":2,"temp":53},"pct_n":{"ecoli":292,"entero":292,"visibility":290,"temp":292}}},{"type":"Feature","geometry":{"type":"Point","coordinates":[14.177905,52.020533]},"properties":{"id":"BB-63","name":"Goyatz, Schwielochsee","region":"brandenburg","area":"Dahme-Spreewald","water":"Schwielochsee","status":"green","status_label":"Zum Baden geeignet","date":"2026-06-29","temp":27.8,"visibility":"1,0","ecoli":"15","entero":"142","coliform":null,"bacteriology":"keine Beanstandungen","warn":null,"info":null,"forecast":null,"eu_class":"ausgezeichnet","amenities":{"wc":"ja","gastro":"nein","rettung":"nein","abfall":"ja","strand":"Wiese"},"link":"https://badestellen.brandenburg.de/badestelle/-/details/63","pct":{"ecoli":72,"entero":3,"visibility":33,"temp":97},"pct_n":{"ecoli":292,"entero":292,"visibility":290,"temp":292}}},{"type":"Feature","geometry":{"type":"Point","coordinates":[14.192085,52.01646]},"properties":{"id":"BB-64","name":"Jessern, Schwielochsee","region":"brandenburg","area":"Dahme-Spreewald","water":"Schwielochsee","status":"green","status_label":"Zum Baden geeignet","date":"2026-06-29","temp":28.1,"visibility":"1,0","ecoli":"15","entero":"15","coliform":null,"bacteriology":"keine Beanstandungen","warn":null,"info":null,"forecast":null,"eu_class":"ausgezeichnet","amenities":{"wc":"nein","gastro":"ja","rettung":"nein","abfall":"ja","strand":"Sand/Wiese"},"link":"https://badestellen.brandenburg.de/badestelle/-/details/64","pct":{"ecoli":72,"entero":62,"visibility":33,"temp":99},"pct_n":{"ecoli":292,"entero":292,"visibility":290,"temp":292}}},{"type":"Feature","geometry":{"type":"Point","coordinates":[14.197721,52.050871]},"properties":{"id":"BB-65","name":"Ressen-Zaue, Campingplatz Zaue, Schwielochsee","region":"brandenburg","area":"Dahme-Spreewald","water":"Schwielochsee","status":"green","status_label":"Zum Baden geeignet","date":"2026-06-29","temp":26.6,"visibility":"0,6","ecoli":"15","entero":"46","coliform":null,"bacteriology":"keine Beanstandungen","warn":null,"info":null,"forecast":null,"eu_class":"ausgezeichnet","amenities":{"wc":"ja","gastro":"ja","rettung":"nein","abfall":"ja","strand":"Sand"},"link":"https://badestellen.brandenburg.de/badestelle/-/details/65","pct":{"ecoli":72,"entero":13,"visibility":10,"temp":92},"pct_n":{"ecoli":292,"entero":292,"visibility":290,"temp":292}}},{"type":"Feature","geometry":{"type":"Point","coordinates":[14.199613,52.064946]},"properties":{"id":"BB-96","name":"Campingplatz Trebatsch - Sawall, Schwielochsee","region":"brandenburg","area":"Oder-Spree","water":"Schwielochsee","status":"green","status_label":"Zum Baden geeignet","date":"2026-07-27","temp":20.7,"visibility":"0,8","ecoli":"15","entero":"15","coliform":null,"bacteriology":"keine Beanstandungen","warn":null,"info":null,"forecast":null,"eu_class":"ausgezeichnet","amenities":{"wc":"ja","gastro":"nein","rettung":"nein","abfall":"ja","strand":"Wiese"},"link":"https://badestellen.brandenburg.de/badestelle/-/details/96","pct":{"ecoli":72,"entero":62,"visibility":17,"temp":24},"pct_n":{"ecoli":292,"entero":292,"visibility":290,"temp":292}}},{"type":"Feature","geometry":{"type":"Point","coordinates":[13.637886,52.15663]},"properties":{"id":"BB-62","name":"Schwerin, Schweriner See","region":"brandenburg","area":"Dahme-Spreewald","water":"Schweriner See","status":"yellow","status_label":"Beanstandet – Warnhinweise beachten","date":"2026-07-27","temp":21.8,"visibility":"0,4","ecoli":"30","entero":"110","coliform":null,"bacteriology":"keine Beanstandungen","warn":"Aufgrund der geringen Sichttiefe...","info":null,"forecast":null,"eu_class":"ausgezeichnet","amenities":{"wc":"ja","gastro":"nein","rettung":"nein","abfall":"nein","strand":"Sand/Wiese"},"link":"https://badestellen.brandenburg.de/badestelle/-/details/62","pct":{"ecoli":40,"entero":4,"visibility":2,"temp":65},"pct_n":{"ecoli":292,"entero":292,"visibility":290,"temp":292}}},{"type":"Feature","geometry":{"type":"Point","coordinates":[14.325337,52.425794]},"properties":{"id":"BB-123","name":"Falkenhagen, Schwarzer See","region":"brandenburg","area":"Märkisch-Oderland","water":"Schwarzer See","status":"green","status_label":"Zum Baden geeignet","date":"2026-07-29","temp":21.5,"visibility":"2,0","ecoli":"77","entero":"76","coliform":null,"bacteriology":"keine Beanstandungen","warn":null,"info":null,"forecast":null,"eu_class":"ausgezeichnet","amenities":{"wc":"ja","gastro":"nein","rettung":"nein","abfall":"ja","strand":"Sand/Wiese"},"link":"https://badestellen.brandenburg.de/badestelle/-/details/123","pct":{"ecoli":21,"entero":7,"visibility":75,"temp":57},"pct_n":{"ecoli":292,"entero":292,"visibility":290,"temp":292}}},{"type":"Feature","geometry":{"type":"Point","coordinates":[13.579709,53.255432]},"properties":{"id":"BB-241","name":"Boitzenburg, Schumellensee","region":"brandenburg","area":"Uckermark","water":"Schumellensee","status":"green","status_label":"Zum Baden geeignet","date":"2026-08-04","temp":22.1,"visibility":"1,5","ecoli":"15","entero":"15","coliform":null,"bacteriology":"keine Beanstandungen","warn":null,"info":null,"forecast":null,"eu_class":"ausgezeichnet","amenities":{"wc":"ja (Trocken- oder Dixitoilette)","gastro":"nein","rettung":"nein","abfall":"ja","strand":"Sand/Wiese"},"link":"https://badestellen.brandenburg.de/badestelle/-/details/241","pct":{"ecoli":72,"entero":62,"visibility":57,"temp":73},"pct_n":{"ecoli":292,"entero":292,"visibility":290,"temp":292}}},{"type":"Feature","geometry":{"type":"Point","coordinates":[14.1029,53.3029]},"properties":{"id":"BB-268","name":"Schmölln, Schmöllner See","region":"brandenburg","area":"Uckermark","water":"Schmöllner See","status":"green","status_label":"Zum Baden geeignet","date":"2026-07-30","temp":25.3,"visibility":"0,8","ecoli":"15","entero":"15","coliform":null,"bacteriology":"keine Beanstandungen","warn":null,"info":null,"forecast":null,"eu_class":"ausgezeichnet","amenities":{"wc":"nein","gastro":"nein","rettung":"nein","abfall":"ja","strand":"Sand / Wiese"},"link":"https://badestellen.brandenburg.de/badestelle/-/details/268","pct":{"ecoli":72,"entero":62,"visibility":17,"temp":90},"pct_n":{"ecoli":292,"entero":292,"visibility":290,"temp":292}}},{"type":"Feature","geometry":{"type":"Point","coordinates":[12.878212,53.150577]},"properties":{"id":"BB-167","name":"Zechlinerhütte, Schlabornsee","region":"brandenburg","area":"Ostprignitz-Ruppin","water":"Schlabornsee","status":"green","status_label":"Zum Baden geeignet","date":"2026-07-28","temp":20.0,"visibility":"1,1","ecoli":"15","entero":"15","coliform":null,"bacteriology":"keine Beanstandungen","warn":null,"info":null,"forecast":null,"eu_class":"ausgezeichnet","amenities":{"wc":"ja","gastro":"nein","rettung":"nein","abfall":"ja","strand":"kein Strand"},"link":"https://badestellen.brandenburg.de/badestelle/-/details/167","pct":{"ecoli":72,"entero":62,"visibility":44,"temp":5},"pct_n":{"ecoli":292,"entero":292,"visibility":290,"temp":292}}},{"type":"Feature","geometry":{"type":"Point","coordinates":[14.444663,52.182266]},"properties":{"id":"BB-95","name":"Schernsdorf, Bungalows, Schervenzsee","region":"brandenburg","area":"Oder-Spree","water":"Schervenzsee","status":"green","status_label":"Zum Baden geeignet","date":"2026-07-27","temp":21.2,"visibility":"2,0","ecoli":"46","entero":"15","coliform":null,"bacteriology":"keine Beanstandungen","warn":null,"info":null,"forecast":null,"eu_class":"gut","amenities":{"wc":"ja","gastro":"ja","rettung":"nein","abfall":"ja","strand":"Sand/Wiese"},"link":"https://badestellen.brandenburg.de/badestelle/-/details/95","pct":{"ecoli":32,"entero":62,"visibility":75,"temp":47},"pct_n":{"ecoli":292,"entero":292,"visibility":290,"temp":292}}},{"type":"Feature","geometry":{"type":"Point","coordinates":[14.069816,52.574687]},"properties":{"id":"BB-122","name":"Buckow, Strandbad, Schermützelsee","region":"brandenburg","area":"Märkisch-Oderland","water":"Schermützelsee","status":"green","status_label":"Zum Baden geeignet","date":"2026-07-29","temp":21.0,"visibility":"1,8","ecoli":"110","entero":"15","coliform":null,"bacteriology":"keine Beanstandungen","warn":null,"info":null,"forecast":null,"eu_class":"ausgezeichnet","amenities":{"wc":"ja","gastro":"ja","rettung":"ja","abfall":"ja","strand":"Sand/Wiese"},"link":"https://badestellen.brandenburg.de/badestelle/-/details/122","pct":{"ecoli":14,"entero":62,"visibility":65,"temp":37},"pct_n":{"ecoli":292,"entero":292,"visibility":290,"temp":292}}},{"type":"Feature","geometry":{"type":"Point","coordinates":[14.057503,52.277447]},"properties":{"id":"BB-88","name":"Bad Saarow, Cecilienpark, Scharmützelsee","region":"brandenburg","area":"Oder-Spree","water":"Scharmützelsee","status":"green","status_label":"Zum Baden geeignet","date":"2026-07-28","temp":21.1,"visibility":"2,0","ecoli":"15","entero":"30","coliform":null,"bacteriology":"keine Beanstandungen","warn":null,"info":null,"forecast":null,"eu_class":"ausgezeichnet","amenities":{"wc":"ja","gastro":"ja","rettung":"nein","abfall":"ja","strand":"Wiese"},"link":"https://badestellen.brandenburg.de/badestelle/-/details/88","pct":{"ecoli":72,"entero":20,"visibility":75,"temp":44},"pct_n":{"ecoli":292,"entero":292,"visibility":290,"temp":292}}},{"type":"Feature","geometry":{"type":"Point","coordinates":[14.0142,52.2138]},"properties":{"id":"BB-94","name":"Wendisch Rietz, Ferienpark, Scharmützelsee","region":"brandenburg","area":"Oder-Spree","water":"Scharmützelsee","status":"green","status_label":"Zum Baden geeignet","date":"2026-07-28","temp":20.3,"visibility":"2,0","ecoli":"15","entero":"15","coliform":null,"bacteriology":"keine Beanstandungen","warn":null,"info":null,"forecast":null,"eu_class":"ausgezeichnet","amenities":{"wc":"ja","gastro":"ja","rettung":"nein","abfall":"ja","strand":"Wiese"},"link":"https://badestellen.brandenburg.de/badestelle/-/details/94","pct":{"ecoli":72,"entero":62,"visibility":75,"temp":10},"pct_n":{"ecoli":292,"entero":292,"visibility":290,"temp":292}}},{"type":"Feature","geometry":{"type":"Point","coordinates":[14.065906,52.263722]},"properties":{"id":"BB-89","name":"Bad Saarow, Pieskow, Scharmützelsee","region":"brandenburg","area":"Oder-Spree","water":"Scharmützelsee","status":"green","status_label":"Zum Baden geeignet","date":"2026-07-28","temp":20.3,"visibility":"2,0","ecoli":"93","entero":"61","coliform":null,"bacteriology":"keine Beanstandungen","warn":null,"info":null,"forecast":null,"eu_class":"ausgezeichnet","amenities":{"wc":"ja","gastro":"nein","rettung":"nein","abfall":"ja","strand":"Wiese"},"link":"https://badestellen.brandenburg.de/badestelle/-/details/89","pct":{"ecoli":19,"entero":9,"visibility":75,"temp":10},"pct_n":{"ecoli":292,"entero":292,"visibility":290,"temp":292}}},{"type":"Feature","geometry":{"type":"Point","coordinates":[14.051009,52.291022]},"properties":{"id":"BB-90","name":"Bad Saarow, Strandbad Mitte, Scharmützelsee","region":"brandenburg","area":"Oder-Spree","water":"Scharmützelsee","status":"green","status_label":"Zum Baden geeignet","date":"2026-07-28","temp":20.8,"visibility":"2,0","ecoli":"61","entero":"15","coliform":null,"bacteriology":"keine Banstandungen","warn":"Änderung am Badegewässer - Bewirtschaftungsmaßnahmen","info":null,"forecast":null,"eu_class":null,"amenities":{"wc":"ja","gastro":"ja","rettung":"nein","abfall":"ja","strand":"Sand/Wiese"},"link":"https://badestellen.brandenburg.de/badestelle/-/details/90","pct":{"ecoli":26,"entero":62,"visibility":75,"temp":28},"pct_n":{"ecoli":292,"entero":292,"visibility":290,"temp":292}}},{"type":"Feature","geometry":{"type":"Point","coordinates":[14.048267,52.231944]},"properties":{"id":"BB-92","name":"Diensdorf, Scharmützelsee","region":"brandenburg","area":"Oder-Spree","water":"Scharmützelsee","status":"green","status_label":"Zum Baden geeignet","date":"2026-07-28","temp":20.6,"visibility":"2,0","ecoli":"15","entero":"15","coliform":null,"bacteriology":"keine Beanstandungen","warn":null,"info":null,"forecast":null,"eu_class":"ausgezeichnet","amenities":{"wc":"ja","gastro":"ja","rettung":"nein","abfall":"ja","strand":"Wiese"},"link":"https://badestellen.brandenburg.de/badestelle/-/details/92","pct":{"ecoli":72,"entero":62,"visibility":75,"temp":20},"pct_n":{"ecoli":292,"entero":292,"visibility":290,"temp":292}}},{"type":"Feature","geometry":{"type":"Point","coordinates":[14.020427,52.22082]},"properties":{"id":"BB-93","name":"Wendisch Rietz, Campingplatz Schwarzhorn, Scharmützelsee","region":"brandenburg","area":"Oder-Spree","water":"Scharmützelsee","status":"green","status_label":"Zum Baden geeignet","date":"2026-07-28","temp":20.5,"visibility":"2,0","ecoli":"77","entero":"15","coliform":null,"bacteriology":"keine Beanstandungen","warn":null,"info":null,"forecast":null,"eu_class":"ausgezeichnet","amenities":{"wc":"ja","gastro":"ja","rettung":"nein","abfall":"ja","strand":"Sand"},"link":"https://badestellen.brandenburg.de/badestelle/-/details/93","pct":{"ecoli":21,"entero":62,"visibility":75,"temp":16},"pct_n":{"ecoli":292,"entero":292,"visibility":290,"temp":292}}},{"type":"Feature","geometry":{"type":"Point","coordinates":[13.771136,53.11892]},"properties":{"id":"BB-240","name":"Willmine, Sabinensee","region":"brandenburg","area":"Uckermark","water":"Sabinensee","status":"green","status_label":"Zum Baden geeignet","date":"2026-07-28","temp":20.8,"visibility":"1,5","ecoli":"30","entero":"15","coliform":null,"bacteriology":"keine Beanstandungen","warn":null,"info":null,"forecast":null,"eu_class":"ausgezeichnet","amenities":{"wc":"nein","gastro":"nein","rettung":"nein","abfall":"ja","strand":"Sand/Wiese"},"link":"https://badestellen.brandenburg.de/badestelle/-/details/240","pct":{"ecoli":40,"entero":62,"visibility":57,"temp":28},"pct_n":{"ecoli":292,"entero":292,"visibility":290,"temp":292}}},{"type":"Feature","geometry":{"type":"Point","coordinates":[12.822904,52.91793]},"properties":{"id":"BB-164","name":"Neuruppin,  Hotel Waldfrieden, Ruppiner See","region":"brandenburg","area":"Ostprignitz-Ruppin","water":"Ruppiner See","status":"green","status_label":"Zum Baden geeignet","date":"2026-07-28","temp":20.0,"visibility":"0,8","ecoli":"77","entero":"15","coliform":null,"bacteriology":"keine Beanstandungen","warn":null,"info":null,"forecast":null,"eu_class":"ausgezeichnet","amenities":{"wc":"ja (Trocken- oder Dixitoilette)","gastro":"ja","rettung":"nein","abfall":"ja","strand":"kein Strand"},"link":"https://badestellen.brandenburg.de/badestelle/-/details/164","pct":{"ecoli":21,"entero":62,"visibility":17,"temp":5},"pct_n":{"ecoli":292,"entero":292,"visibility":290,"temp":292}}},{"type":"Feature","geometry":{"type":"Point","coordinates":[12.84026,52.944313]},"properties":{"id":"BB-162","name":"Neuruppin OT Altruppin, Seebad, Ruppiner See","region":"brandenburg","area":"Ostprignitz-Ruppin","water":"Ruppiner See","status":"green","status_label":"Zum Baden geeignet","date":"2026-07-28","temp":21.0,"visibility":"0,8","ecoli":"15","entero":"15","coliform":null,"bacteriology":"keine Beanstandungen","warn":null,"info":null,"forecast":null,"eu_class":"ausgezeichnet","amenities":{"wc":"ja (Trocken- oder Dixitoilette)","gastro":"ja","rettung":"nein","abfall":"ja","strand":"Sand"},"link":"https://badestellen.brandenburg.de/badestelle/-/details/162","pct":{"ecoli":72,"entero":62,"visibility":17,"temp":37},"pct_n":{"ecoli":292,"entero":292,"visibility":290,"temp":292}}},{"type":"Feature","geometry":{"type":"Point","coordinates":[12.829646,52.886638]},"properties":{"id":"BB-163","name":"Neuruppin OT Gnewikow, Ruppiner See","region":"brandenburg","area":"Ostprignitz-Ruppin","water":"Ruppiner See","status":"green","status_label":"Zum Baden geeignet","date":"2026-07-28","temp":20.0,"visibility":"1,0","ecoli":"15","entero":"15","coliform":null,"bacteriology":"keine Beanstandungen","warn":null,"info":null,"forecast":null,"eu_class":"ausgezeichnet","amenities":{"wc":"ja (Trocken- oder Dixitoilette)","gastro":"nein","rettung":"nein","abfall":"ja","strand":"Sand"},"link":"https://badestellen.brandenburg.de/badestelle/-/details/163","pct":{"ecoli":72,"entero":62,"visibility":33,"temp":5},"pct_n":{"ecoli":292,"entero":292,"visibility":290,"temp":292}}},{"type":"Feature","geometry":{"type":"Point","coordinates":[12.82485,52.936092]},"properties":{"id":"BB-165","name":"Neuruppin, Jahnbad, Ruppiner See","region":"brandenburg","area":"Ostprignitz-Ruppin","water":"Ruppiner See","status":"yellow","status_label":"Beanstandet – Warnhinweise beachten","date":"2026-07-28","temp":21.0,"visibility":"0,4","ecoli":"15","entero":"15","coliform":null,"bacteriology":"keine Beanstandungen","warn":"Aufgrund der geringen Sichttiefe...","info":null,"forecast":null,"eu_class":"ausgezeichnet","amenities":{"wc":"ja","gastro":"ja","rettung":"ja","abfall":"ja","strand":"Sand"},"link":"https://badestellen.brandenburg.de/badestelle/-/details/165","pct":{"ecoli":72,"entero":62,"visibility":2,"temp":37},"pct_n":{"ecoli":292,"entero":292,"visibility":290,"temp":292}}},{"type":"Feature","geometry":{"type":"Point","coordinates":[12.866274,52.850599]},"properties":{"id":"BB-166","name":"Wustrau, Am Schloß, Ruppiner See","region":"brandenburg","area":"Ostprignitz-Ruppin","water":"Ruppiner See","status":"green","status_label":"Zum Baden geeignet","date":"2026-07-28","temp":20.0,"visibility":"0,9","ecoli":"30","entero":"15","coliform":null,"bacteriology":"keine Beanstandungen","warn":null,"info":null,"forecast":null,"eu_class":"ausgezeichnet","amenities":{"wc":"ja (Trocken- oder Dixitoilette)","gastro":"nein","rettung":"nein","abfall":"ja","strand":"Sand"},"link":"https://badestellen.brandenburg.de/badestelle/-/details/166","pct":{"ecoli":40,"entero":62,"visibility":22,"temp":5},"pct_n":{"ecoli":292,"entero":292,"visibility":290,"temp":292}}},{"type":"Feature","geometry":{"type":"Point","coordinates":[13.581,52.8208]},"properties":{"id":"BB-260","name":"Ruhlsdorf, Strand, Feriendorf \"Dorado\", Ruhlesee","region":"brandenburg","area":"Barnim","water":"Ruhlesee","status":"green","status_label":"Zum Baden geeignet","date":"2026-07-28","temp":22.1,"visibility":"2,0","ecoli":"15","entero":"15","coliform":null,"bacteriology":"keine Beanstandungen","warn":"Keine öffentliche Badestelle!","info":null,"forecast":null,"eu_class":"ausgezeichnet","amenities":{"wc":"ja","gastro":"ja","rettung":"nein","abfall":"ja","strand":"Sand"},"link":"https://badestellen.brandenburg.de/badestelle/-/details/260","pct":{"ecoli":72,"entero":62,"visibility":75,"temp":73},"pct_n":{"ecoli":292,"entero":292,"visibility":290,"temp":292}}},{"type":"Feature","geometry":{"type":"Point","coordinates":[11.493433,53.097981]},"properties":{"id":"BB-273","name":"Lenzen, Rudower See","region":"brandenburg","area":"Prignitz","water":"Rudower See","status":"green","status_label":"Zum Baden geeignet","date":"2026-07-29","temp":21.3,"visibility":"1,0","ecoli":"15","entero":"15","coliform":null,"bacteriology":"keine Beanstandungen","warn":null,"info":null,"forecast":null,"eu_class":"ausgezeichnet","amenities":{"wc":"ja","gastro":"ja","rettung":"nein","abfall":"ja","strand":"Sand/Wiese"},"link":"https://badestellen.brandenburg.de/badestelle/-/details/273","pct":{"ecoli":72,"entero":62,"visibility":33,"temp":49},"pct_n":{"ecoli":292,"entero":292,"visibility":290,"temp":292}}},{"type":"Feature","geometry":{"type":"Point","coordinates":[13.0498,53.1075]},"properties":{"id":"BB-145","name":"Gransee Gem. Stechlin OT Menz, Roofensee","region":"brandenburg","area":"Oberhavel","water":"Roofensee","status":"green","status_label":"Zum Baden geeignet","date":"2026-07-27","temp":20.7,"visibility":"1,0","ecoli":"30","entero":"15","coliform":null,"bacteriology":"keine Beanstandungen","warn":null,"info":null,"forecast":null,"eu_class":"ausgezeichnet","amenities":{"wc":"ja","gastro":"nein","rettung":"nein","abfall":"ja","strand":"Sand/Wiese"},"link":"https://badestellen.brandenburg.de/badestelle/-/details/145","pct":{"ecoli":40,"entero":62,"visibility":33,"temp":24},"pct_n":{"ecoli":292,"entero":292,"visibility":290,"temp":292}}},{"type":"Feature","geometry":{"type":"Point","coordinates":[13.437307,53.096225]},"properties":{"id":"BB-238","name":"Röddelin, Zeltplatz, Röddelinsee","region":"brandenburg","area":"Uckermark","water":"Röddelinsee","status":"green","status_label":"Zum Baden geeignet","date":"2026-07-29","temp":20.6,"visibility":"1,8","ecoli":"15","entero":"15","coliform":null,"bacteriology":"keine Beanstandungen","warn":null,"info":null,"forecast":null,"eu_class":"ausgezeichnet","amenities":{"wc":"ja","gastro":"ja","rettung":"nein","abfall":"ja","strand":"Sand/Wiese"},"link":"https://badestellen.brandenburg.de/badestelle/-/details/238","pct":{"ecoli":72,"entero":62,"visibility":65,"temp":20},"pct_n":{"ecoli":292,"entero":292,"visibility":290,"temp":292}}},{"type":"Feature","geometry":{"type":"Point","coordinates":[13.452156,53.095727]},"properties":{"id":"BB-239","name":"Templin, OT Hindenburg, Röddelinsee","region":"brandenburg","area":"Uckermark","water":"Röddelinsee","status":"green","status_label":"Zum Baden geeignet","date":"2026-07-29","temp":20.5,"visibility":"2,0","ecoli":"30","entero":"15","coliform":null,"bacteriology":"keine Beanstandungen","warn":null,"info":null,"forecast":null,"eu_class":"gut","amenities":{"wc":"nein","gastro":"nein","rettung":"nein","abfall":"ja","strand":"Sand/Wiese"},"link":"https://badestellen.brandenburg.de/badestelle/-/details/239","pct":{"ecoli":40,"entero":62,"visibility":75,"temp":16},"pct_n":{"ecoli":292,"entero":292,"visibility":290,"temp":292}}},{"type":"Feature","geometry":{"type":"Point","coordinates":[13.132395,53.18606]},"properties":{"id":"BB-144","name":"Fürstenberg, Röblinsee","region":"brandenburg","area":"Oberhavel","water":"Röblinsee","status":"green","status_label":"Zum Baden geeignet","date":"2026-07-28","temp":19.5,"visibility":"1,0","ecoli":"397","entero":"30","coliform":null,"bacteriology":"keine Beanstandungen","warn":null,"info":null,"forecast":null,"eu_class":"ausgezeichnet","amenities":{"wc":"ja","gastro":"ja","rettung":"nein","abfall":"ja","strand":"Sand/Wiese"},"link":"https://badestellen.brandenburg.de/badestelle/-/details/144","pct":{"ecoli":2,"entero":20,"visibility":33,"temp":2},"pct_n":{"ecoli":292,"entero":292,"visibility":290,"temp":292}}},{"type":"Feature","geometry":{"type":"Point","coordinates":[14.192522,52.113566]},"properties":{"id":"BB-87","name":"Ranzig, Ranziger See","region":"brandenburg","area":"Oder-Spree","water":"Ranziger See","status":"green","status_label":"Zum Baden geeignet","date":"2026-07-27","temp":21.4,"visibility":"2,0","ecoli":"46","entero":"46","coliform":null,"bacteriology":"keine Beanstandungen","warn":null,"info":null,"forecast":null,"eu_class":"ausgezeichnet","amenities":{"wc":"ja","gastro":"ja","rettung":"nein","abfall":"ja","strand":"Sand"},"link":"https://badestellen.brandenburg.de/badestelle/-/details/87","pct":{"ecoli":32,"entero":13,"visibility":75,"temp":53},"pct_n":{"ecoli":292,"entero":292,"visibility":290,"temp":292}}},{"type":"Feature","geometry":{"type":"Point","coordinates":[13.412156,52.292482]},"properties":{"id":"BB-210","name":"Rangsdorf, Strand am Rangsdorfer See, Rangsdorfer See","region":"brandenburg","area":"Teltow-Fläming","water":"Rangsdorfer See","status":"yellow","status_label":"Beanstandet – Warnhinweise beachten","date":"2026-07-29","temp":24.3,"visibility":"0,25","ecoli":"61","entero":"15","coliform":null,"bacteriology":"keine Beanstandungen","warn":"Aufgrund der geringen Sichttiefe können Rettungsmaßnahmen deutlich erschwert sein.","info":null,"forecast":null,"eu_class":"ausgezeichnet","amenities":{"wc":"ja","gastro":"ja","rettung":"nein","abfall":"ja","strand":"Sand"},"link":"https://badestellen.brandenburg.de/badestelle/-/details/210","pct":{"ecoli":26,"entero":62,"visibility":0,"temp":87},"pct_n":{"ecoli":292,"entero":292,"visibility":290,"temp":292}}},{"type":"Feature","geometry":{"type":"Point","coordinates":[13.402861,52.743906]},"properties":{"id":"BB-143","name":"Mühlenbecker Land OT Zühlsdorf, Rahmer See","region":"brandenburg","area":"Oberhavel","water":"Rahmer See","status":"green","status_label":"Zum Baden geeignet","date":"2026-07-29","temp":20.9,"visibility":"0,8","ecoli":"15","entero":"15","coliform":null,"bacteriology":"keine Beanstandungen","warn":null,"info":null,"forecast":null,"eu_class":"ausgezeichnet","amenities":{"wc":"ja","gastro":"ja","rettung":"nein","abfall":"ja","strand":"Wiese"},"link":"https://badestellen.brandenburg.de/badestelle/-/details/143","pct":{"ecoli":72,"entero":62,"visibility":17,"temp":32},"pct_n":{"ecoli":292,"entero":292,"visibility":290,"temp":292}}},{"type":"Feature","geometry":{"type":"Point","coordinates":[12.907655,52.378801]},"properties":{"id":"BB-186","name":"Strandbad Werder, Plessower See","region":"brandenburg","area":"Potsdam-Mittelmark","water":"Plessower See","status":"green","status_label":"Zum Baden geeignet","date":"2026-07-27","temp":21.5,"visibility":"1,0","ecoli":"94","entero":"45","coliform":null,"bacteriology":"keine Beanstandungen","warn":null,"info":null,"forecast":null,"eu_class":"ausgezeichnet","amenities":{"wc":"ja","gastro":"ja","rettung":"ja (zeitweise)","abfall":"ja","strand":"Wiese"},"link":"https://badestellen.brandenburg.de/badestelle/-/details/186","pct":{"ecoli":17,"entero":15,"visibility":33,"temp":57},"pct_n":{"ecoli":292,"entero":292,"visibility":290,"temp":292}}},{"type":"Feature","geometry":{"type":"Point","coordinates":[12.437284,52.398904]},"properties":{"id":"BB-23","name":"Camping- und Ferienpark am Plauer See, Plauer See","region":"brandenburg","area":"Brandenburg a.d.H.","water":"Plauer See","status":"green","status_label":"Zum Baden geeignet","date":"2026-07-27","temp":21.3,"visibility":"1,4","ecoli":"504","entero":"15","coliform":null,"bacteriology":"keine Beanstandungen","warn":null,"info":null,"forecast":null,"eu_class":"ausgezeichnet","amenities":{"wc":"ja","gastro":"ja","rettung":"nein","abfall":"ja","strand":"Sand"},"link":"https://badestellen.brandenburg.de/badestelle/-/details/23","pct":{"ecoli":1,"entero":62,"visibility":53,"temp":49},"pct_n":{"ecoli":292,"entero":292,"visibility":290,"temp":292}}},{"type":"Feature","geometry":{"type":"Point","coordinates":[13.836396,52.422757]},"properties":{"id":"BB-85","name":"Grünheide, Zeltplatz E34, Peetzsee","region":"brandenburg","area":"Oder-Spree","water":"Peetzsee","status":"green","status_label":"Zum Baden geeignet","date":"2026-07-27","temp":20.2,"visibility":"2,0","ecoli":"46","entero":"15","coliform":null,"bacteriology":"keine Beanstandungen","warn":null,"info":null,"forecast":null,"eu_class":"ausgezeichnet","amenities":{"wc":"ja (Trocken- oder Dixitoilette)","gastro":"nein","rettung":"ja (zeitweise)","abfall":"ja","strand":"Sand"},"link":"https://badestellen.brandenburg.de/badestelle/-/details/85","pct":{"ecoli":32,"entero":62,"visibility":75,"temp":9},"pct_n":{"ecoli":292,"entero":292,"visibility":290,"temp":292}}},{"type":"Feature","geometry":{"type":"Point","coordinates":[13.662763,52.228908]},"properties":{"id":"BB-61","name":"Pätz, Pätzer Vordersee","region":"brandenburg","area":"Dahme-Spreewald","water":"Pätzer Vordersee","status":"green","status_label":"Zum Baden geeignet","date":"2026-06-29","temp":26.8,"visibility":"2,0","ecoli":"30","entero":"15","coliform":null,"bacteriology":"keine Beanstandungen","warn":null,"info":null,"forecast":null,"eu_class":"ausgezeichnet","amenities":{"wc":"ja","gastro":"nein","rettung":"nein","abfall":"ja","strand":"Wiese"},"link":"https://badestellen.brandenburg.de/badestelle/-/details/61","pct":{"ecoli":40,"entero":62,"visibility":75,"temp":93},"pct_n":{"ecoli":292,"entero":292,"visibility":290,"temp":292}}},{"type":"Feature","geometry":{"type":"Point","coordinates":[14.006362,52.913317]},"properties":{"id":"BB-9","name":"Brodowin/Pehlitz, Campingplatz \"Pehlitz/Werder\", Parsteiner See","region":"brandenburg","area":"Barnim","water":"Parsteiner See","status":"green","status_label":"Zum Baden geeignet","date":"2026-07-29","temp":21.4,"visibility":"3,0","ecoli":"15","entero":"15","coliform":null,"bacteriology":"keine Beanstandungen","warn":null,"info":null,"forecast":null,"eu_class":"ausgezeichnet","amenities":{"wc":"ja","gastro":"ja","rettung":"nein","abfall":"ja","strand":"Wiese"},"link":"https://badestellen.brandenburg.de/badestelle/-/details/9","pct":{"ecoli":72,"entero":62,"visibility":93,"temp":53},"pct_n":{"ecoli":292,"entero":292,"visibility":290,"temp":292}}},{"type":"Feature","geometry":{"type":"Point","coordinates":[14.026567,52.920865]},"properties":{"id":"BB-10","name":"Parstein, Campingplatz \"Am Parsteiner See\", Parsteiner See","region":"brandenburg","area":"Barnim","water":"Parsteiner See","status":"green","status_label":"Zum Baden geeignet","date":"2026-07-29","temp":22.1,"visibility":"3,0","ecoli":"77","entero":"127","coliform":null,"bacteriology":"keine Beanstandungen","warn":null,"info":null,"forecast":null,"eu_class":"ausgezeichnet","amenities":{"wc":"ja","gastro":"ja","rettung":"nein","abfall":"ja","strand":"Wiese"},"link":"https://badestellen.brandenburg.de/badestelle/-/details/10","pct":{"ecoli":21,"entero":3,"visibility":93,"temp":73},"pct_n":{"ecoli":292,"entero":292,"visibility":290,"temp":292}}},{"type":"Feature","geometry":{"type":"Point","coordinates":[13.885133,53.204967]},"properties":{"id":"BB-234","name":"Warnitz - Quast, Oberuckersee","region":"brandenburg","area":"Uckermark","water":"Oberuckersee","status":"green","status_label":"Zum Baden geeignet","date":"2026-07-29","temp":21.0,"visibility":"1,0","ecoli":"15","entero":"15","coliform":null,"bacteriology":"keine Beanstandungen","warn":null,"info":null,"forecast":null,"eu_class":"ausgezeichnet","amenities":{"wc":"ja","gastro":"ja","rettung":"nein","abfall":"ja","strand":"Sand/Wiese"},"link":"https://badestellen.brandenburg.de/badestelle/-/details/234","pct":{"ecoli":72,"entero":62,"visibility":33,"temp":37},"pct_n":{"ecoli":292,"entero":292,"visibility":290,"temp":292}}},{"type":"Feature","geometry":{"type":"Point","coordinates":[13.871033,53.180989]},"properties":{"id":"BB-274","name":"Warnitz, Am Schiffsanleger, Oberuckersee","region":"brandenburg","area":"Uckermark","water":"Oberuckersee","status":"green","status_label":"Zum Baden geeignet","date":"2026-07-29","temp":20.5,"visibility":"1,0","ecoli":"15","entero":"15","coliform":null,"bacteriology":"keine Beanstandungen","warn":null,"info":null,"forecast":null,"eu_class":"ausgezeichnet","amenities":{"wc":"ja","gastro":"nein","rettung":"nein","abfall":"ja","strand":"Sand/Wiese"},"link":"https://badestellen.brandenburg.de/badestelle/-/details/274","pct":{"ecoli":72,"entero":62,"visibility":33,"temp":16},"pct_n":{"ecoli":292,"entero":292,"visibility":290,"temp":292}}},{"type":"Feature","geometry":{"type":"Point","coordinates":[13.848308,53.180111]},"properties":{"id":"BB-233","name":"Fergitz, Oberuckersee","region":"brandenburg","area":"Uckermark","water":"Oberuckersee","status":"green","status_label":"Zum Baden geeignet","date":"2026-07-28","temp":19.8,"visibility":"2,5","ecoli":"15","entero":"15","coliform":null,"bacteriology":"keine Beanstandungen","warn":null,"info":null,"forecast":null,"eu_class":"ausgezeichnet","amenities":{"wc":"nein","gastro":"nein","rettung":"nein","abfall":"ja","strand":"Waldboden"},"link":"https://badestellen.brandenburg.de/badestelle/-/details/233","pct":{"ecoli":72,"entero":62,"visibility":86,"temp":3},"pct_n":{"ecoli":292,"entero":292,"visibility":290,"temp":292}}},{"type":"Feature","geometry":{"type":"Point","coordinates":[13.854425,53.149447]},"properties":{"id":"BB-235","name":"Stegelitz, Schifferhof, Oberuckersee","region":"brandenburg","area":"Uckermark","water":"Oberuckersee","status":"green","status_label":"Zum Baden geeignet","date":"2026-07-28","temp":21.1,"visibility":"1,8","ecoli":"15","entero":"15","coliform":null,"bacteriology":"keine Beanstandungen","warn":null,"info":null,"forecast":null,"eu_class":"ausgezeichnet","amenities":{"wc":"nein","gastro":"nein","rettung":"nein","abfall":"ja","strand":"Sand/Wiese"},"link":"https://badestellen.brandenburg.de/badestelle/-/details/235","pct":{"ecoli":72,"entero":62,"visibility":65,"temp":44},"pct_n":{"ecoli":292,"entero":292,"visibility":290,"temp":292}}},{"type":"Feature","geometry":{"type":"Point","coordinates":[13.870911,53.177541]},"properties":{"id":"BB-237","name":"Warnitz, Ferienhaussiedlung, Oberuckersee","region":"brandenburg","area":"Uckermark","water":"Oberuckersee","status":"green","status_label":"Zum Baden geeignet","date":"2026-07-29","temp":20.4,"visibility":"1,0","ecoli":"15","entero":"15","coliform":null,"bacteriology":"keine Beanstandungen","warn":null,"info":null,"forecast":null,"eu_class":"ausgezeichnet","amenities":{"wc":"nein","gastro":"ja","rettung":"nein","abfall":"ja","strand":"Wiese"},"link":"https://badestellen.brandenburg.de/badestelle/-/details/237","pct":{"ecoli":72,"entero":62,"visibility":33,"temp":12},"pct_n":{"ecoli":292,"entero":292,"visibility":290,"temp":292}}},{"type":"Feature","geometry":{"type":"Point","coordinates":[13.886521,53.202841]},"properties":{"id":"BB-236","name":"Warnitz, Campingplatz, Oberuckersee","region":"brandenburg","area":"Uckermark","water":"Oberuckersee","status":"green","status_label":"Zum Baden geeignet","date":"2026-07-29","temp":20.4,"visibility":"1,0","ecoli":"61","entero":"46","coliform":null,"bacteriology":"keine Beanstandungen","warn":null,"info":null,"forecast":null,"eu_class":"ausgezeichnet","amenities":{"wc":"ja","gastro":"ja","rettung":"nein","abfall":"ja","strand":"Sand/Wiese"},"link":"https://badestellen.brandenburg.de/badestelle/-/details/236","pct":{"ecoli":26,"entero":13,"visibility":33,"temp":12},"pct_n":{"ecoli":292,"entero":292,"visibility":290,"temp":292}}},{"type":"Feature","geometry":{"type":"Point","coordinates":[13.555818,52.76108]},"properties":{"id":"BB-8","name":"Lanke, Badewiese, Obersee","region":"brandenburg","area":"Barnim","water":"Obersee","status":"green","status_label":"Zum Baden geeignet","date":"2026-07-28","temp":21.6,"visibility":"3,0","ecoli":"110","entero":"15","coliform":null,"bacteriology":"keine Beanstandungen","warn":null,"info":null,"forecast":null,"eu_class":"ausgezeichnet","amenities":{"wc":"ja","gastro":"ja","rettung":"nein","abfall":"ja","strand":"Sand/Wiese"},"link":"https://badestellen.brandenburg.de/badestelle/-/details/8","pct":{"ecoli":14,"entero":62,"visibility":93,"temp":59},"pct_n":{"ecoli":292,"entero":292,"visibility":290,"temp":292}}},{"type":"Feature","geometry":{"type":"Point","coordinates":[13.514425,53.122933]},"properties":{"id":"BB-242","name":"Templin, Freibad, Templiner See","region":"brandenburg","area":"Uckermark","water":"Templiner See","status":"green","status_label":"Zum Baden geeignet","date":"2026-07-29","temp":20.6,"visibility":"0,8","ecoli":"109","entero":"15","coliform":null,"bacteriology":"keine Beanstandungen","warn":null,"info":null,"forecast":null,"eu_class":"ausgezeichnet","amenities":{"wc":"ja","gastro":"ja","rettung":"ja","abfall":"ja","strand":"Sand/Wiese"},"link":"https://badestellen.brandenburg.de/badestelle/-/details/242","pct":{"ecoli":15,"entero":62,"visibility":17,"temp":20},"pct_n":{"ecoli":292,"entero":292,"visibility":290,"temp":292}}},{"type":"Feature","geometry":{"type":"Point","coordinates":[13.510648,53.127552]},"properties":{"id":"BB-243","name":"Templin, Schinderkuhle, Templiner See","region":"brandenburg","area":"Uckermark","water":"Templiner See","status":"green","status_label":"Zum Baden geeignet","date":"2026-07-29","temp":20.4,"visibility":"0,8","ecoli":"110","entero":"126","coliform":null,"bacteriology":"keine Beanstandungen","warn":null,"info":null,"forecast":null,"eu_class":"ausgezeichnet","amenities":{"wc":"nein","gastro":"nein","rettung":"nein","abfall":"ja","strand":"Sand/Wiese"},"link":"https://badestellen.brandenburg.de/badestelle/-/details/243","pct":{"ecoli":14,"entero":4,"visibility":17,"temp":12},"pct_n":{"ecoli":292,"entero":292,"visibility":290,"temp":292}}},{"type":"Feature","geometry":{"type":"Point","coordinates":[13.017725,52.582794]},"properties":{"id":"BB-42","name":"Brieselang, Nymphensee","region":"brandenburg","area":"Havelland","water":"Nymphensee","status":"yellow","status_label":"Beanstandet – Warnhinweise beachten","date":"2026-07-28","temp":22.2,"visibility":"3,0","ecoli":"61","entero":"15","coliform":null,"bacteriology":"keine Beanstandungen","warn":"Auftreten von Badedermatitis dur...","info":null,"forecast":null,"eu_class":"ausgezeichnet","amenities":{"wc":"ja","gastro":"ja","rettung":"nein","abfall":"ja","strand":"Wiese"},"link":"https://badestellen.brandenburg.de/badestelle/-/details/42","pct":{"ecoli":26,"entero":62,"visibility":93,"temp":75},"pct_n":{"ecoli":292,"entero":292,"visibility":290,"temp":292}}},{"type":"Feature","geometry":{"type":"Point","coordinates":[13.205913,52.614253]},"properties":{"id":"BB-141","name":"Hennigsdorf OT Nieder Neuendorf, Nieder Neuendorfer See","region":"brandenburg","area":"Oberhavel","water":"Nieder Neuendorfer See","status":"yellow","status_label":"Beanstandet – Warnhinweise beachten","date":"2026-07-29","temp":21.1,"visibility":"0,4","ecoli":"15","entero":"15","coliform":null,"bacteriology":"keine Beanstandungen","warn":"Mikroskopischer Nachweis von Bla...","info":null,"forecast":null,"eu_class":"ausgezeichnet","amenities":{"wc":"ja","gastro":"ja","rettung":"ja (zeitweise)","abfall":"ja","strand":"Sand/Wiese"},"link":"https://badestellen.brandenburg.de/badestelle/-/details/141","pct":{"ecoli":72,"entero":62,"visibility":2,"temp":44},"pct_n":{"ecoli":292,"entero":292,"visibility":290,"temp":292}}},{"type":"Feature","geometry":{"type":"Point","coordinates":[13.909335,52.105082]},"properties":{"id":"BB-60","name":"Hohenbrück, Neuendorfer See","region":"brandenburg","area":"Dahme-Spreewald","water":"Neuendorfer See","status":"green","status_label":"Zum Baden geeignet","date":"2026-06-29","temp":26.2,"visibility":"0,9","ecoli":"160","entero":"30","coliform":null,"bacteriology":"keine Beanstandungen","warn":null,"info":null,"forecast":null,"eu_class":"ausgezeichnet","amenities":{"wc":"nein","gastro":"ja","rettung":"nein","abfall":"ja","strand":"Sand/Wiese"},"link":"https://badestellen.brandenburg.de/badestelle/-/details/60","pct":{"ecoli":9,"entero":20,"visibility":22,"temp":91},"pct_n":{"ecoli":292,"entero":292,"visibility":290,"temp":292}}},{"type":"Feature","geometry":{"type":"Point","coordinates":[13.670784,53.311302]},"properties":{"id":"BB-232","name":"Naugarten, Naugartener See","region":"brandenburg","area":"Uckermark","water":"Naugartener See","status":"green","status_label":"Zum Baden geeignet","date":"2026-07-28","temp":20.9,"visibility":"1,0","ecoli":"15","entero":"15","coliform":null,"bacteriology":"keine Beanstandungen","warn":null,"info":null,"forecast":null,"eu_class":"ausgezeichnet","amenities":{"wc":"nein","gastro":"nein","rettung":"nein","abfall":"ja","strand":"Sand/Wiese"},"link":"https://badestellen.brandenburg.de/badestelle/-/details/232","pct":{"ecoli":72,"entero":62,"visibility":33,"temp":32},"pct_n":{"ecoli":292,"entero":292,"visibility":290,"temp":292}}},{"type":"Feature","geometry":{"type":"Point","coordinates":[13.402995,52.874641]},"properties":{"id":"BB-140","name":"Liebenwalde, Mühlensee","region":"brandenburg","area":"Oberhavel","water":"Mühlensee","status":"green","status_label":"Zum Baden geeignet","date":"2026-07-27","temp":21.7,"visibility":"1,0","ecoli":"61","entero":"15","coliform":null,"bacteriology":"keine Beanstandungen","warn":null,"info":null,"forecast":null,"eu_class":"ausgezeichnet","amenities":{"wc":"ja","gastro":"ja","rettung":"nein","abfall":"ja","strand":"Sand/Wiese"},"link":"https://badestellen.brandenburg.de/badestelle/-/details/140","pct":{"ecoli":26,"entero":62,"visibility":33,"temp":62},"pct_n":{"ecoli":292,"entero":292,"visibility":290,"temp":292}}},{"type":"Feature","geometry":{"type":"Point","coordinates":[14.1148,53.3229]},"properties":{"id":"BB-269","name":"Schwaneberg, Mühlensee","region":"brandenburg","area":"Uckermark","water":"Mühlensee","status":"green","status_label":"Zum Baden geeignet","date":"2026-07-30","temp":21.6,"visibility":"1,2","ecoli":"15","entero":"15","coliform":null,"bacteriology":"keine Beanstandungen","warn":null,"info":null,"forecast":null,"eu_class":"ausgezeichnet","amenities":{"wc":"nein","gastro":"nein","rettung":"nein","abfall":"ja","strand":"Sand / Wiese"},"link":"https://badestellen.brandenburg.de/badestelle/-/details/269","pct":{"ecoli":72,"entero":62,"visibility":48,"temp":59},"pct_n":{"ecoli":292,"entero":292,"visibility":290,"temp":292}}},{"type":"Feature","geometry":{"type":"Point","coordinates":[13.564221,52.213903]},"properties":{"id":"BB-209","name":"Kallinchen, Strandbad, Motzener See","region":"brandenburg","area":"Teltow-Fläming","water":"Motzener See","status":"green","status_label":"Zum Baden geeignet","date":"2026-07-28","temp":20.8,"visibility":"1,6","ecoli":"144","entero":"30","coliform":null,"bacteriology":"keine Beanstandungen","warn":null,"info":null,"forecast":null,"eu_class":"ausgezeichnet","amenities":{"wc":"ja","gastro":"ja","rettung":"ja","abfall":"ja","strand":"Sand/Wiese"},"link":"https://badestellen.brandenburg.de/badestelle/-/details/209","pct":{"ecoli":10,"entero":20,"visibility":62,"temp":28},"pct_n":{"ecoli":292,"entero":292,"visibility":290,"temp":292}}},{"type":"Feature","geometry":{"type":"Point","coordinates":[13.570147,52.209417]},"properties":{"id":"BB-207","name":"Kallinchen, Campingplatz, Motzener See","region":"brandenburg","area":"Teltow-Fläming","water":"Motzener See","status":"green","status_label":"Zum Baden geeignet","date":"2026-07-28","temp":20.7,"visibility":"1,8","ecoli":"77","entero":"15","coliform":null,"bacteriology":"keine Beanstandungen","warn":"Keine öffentliche Badestelle, nur für Campingplatzgäste!","info":null,"forecast":null,"eu_class":"ausgezeichnet","amenities":{"wc":"ja","gastro":"ja","rettung":"nein","abfall":"ja","strand":"Sand"},"link":"https://badestellen.brandenburg.de/badestelle/-/details/207","pct":{"ecoli":21,"entero":62,"visibility":65,"temp":24},"pct_n":{"ecoli":292,"entero":292,"visibility":290,"temp":292}}},{"type":"Feature","geometry":{"type":"Point","coordinates":[13.560459,52.224773]},"properties":{"id":"BB-208","name":"Kallinchen, Campingplatz, AKK, Motzener See","region":"brandenburg","area":"Teltow-Fläming","water":"Motzener See","status":"green","status_label":"Zum Baden geeignet","date":"2026-07-28","temp":20.7,"visibility":"1,5","ecoli":"30","entero":"15","coliform":null,"bacteriology":"keine Beanstandungen","warn":null,"info":null,"forecast":null,"eu_class":"ausgezeichnet","amenities":{"wc":"ja","gastro":"nein","rettung":"nein","abfall":"ja","strand":"Sand/ Treppen"},"link":"https://badestellen.brandenburg.de/badestelle/-/details/208","pct":{"ecoli":40,"entero":62,"visibility":57,"temp":24},"pct_n":{"ecoli":292,"entero":292,"visibility":290,"temp":292}}},{"type":"Feature","geometry":{"type":"Point","coordinates":[13.580912,52.213745]},"properties":{"id":"BB-59","name":"Motzen, Motzener See","region":"brandenburg","area":"Dahme-Spreewald","water":"Motzener See","status":"green","status_label":"Zum Baden geeignet","date":"2026-06-29","temp":26.5,"visibility":"1,5","ecoli":"194","entero":"61","coliform":null,"bacteriology":"keine Beanstandungen","warn":null,"info":null,"forecast":null,"eu_class":"ausgezeichnet","amenities":{"wc":"ja","gastro":"nein","rettung":"nein","abfall":"ja","strand":"Sand/Wiese"},"link":"https://badestellen.brandenburg.de/badestelle/-/details/59","pct":{"ecoli":7,"entero":9,"visibility":57,"temp":92},"pct_n":{"ecoli":292,"entero":292,"visibility":290,"temp":292}}},{"type":"Feature","geometry":{"type":"Point","coordinates":[12.433248,52.375228]},"properties":{"id":"BB-22","name":"Brandenburg an der Havel OT Kirchmöser, Arke, Möserscher See","region":"brandenburg","area":"Brandenburg a.d.H.","water":"Möserscher See","status":"green","status_label":"Zum Baden geeignet","date":"2026-07-27","temp":27.7,"visibility":"1,0","ecoli":"144","entero":"15","coliform":null,"bacteriology":"keine Beanstandungen","warn":null,"info":null,"forecast":null,"eu_class":"gut","amenities":{"wc":"ja","gastro":"nein","rettung":"nein","abfall":"ja","strand":"Sand"},"link":"https://badestellen.brandenburg.de/badestelle/-/details/22","pct":{"ecoli":10,"entero":62,"visibility":33,"temp":96},"pct_n":{"ecoli":292,"entero":292,"visibility":290,"temp":292}}},{"type":"Feature","geometry":{"type":"Point","coordinates":[13.865183,52.447654]},"properties":{"id":"BB-84","name":"Kagel, Grünheide, Zeltplatz E37, Möllensee","region":"brandenburg","area":"Oder-Spree","water":"Möllensee","status":"green","status_label":"Zum Baden geeignet","date":"2026-07-27","temp":19.9,"visibility":"1,2","ecoli":"94","entero":"93","coliform":null,"bacteriology":"keine Beanstandungen","warn":null,"info":null,"forecast":null,"eu_class":"ausgezeichnet","amenities":{"wc":"ja","gastro":"nein","rettung":"nein","abfall":"ja","strand":"Sand/Wiese"},"link":"https://badestellen.brandenburg.de/badestelle/-/details/84","pct":{"ecoli":17,"entero":5,"visibility":48,"temp":3},"pct_n":{"ecoli":292,"entero":292,"visibility":290,"temp":292}}},{"type":"Feature","geometry":{"type":"Point","coordinates":[12.831579,52.972936]},"properties":{"id":"BB-161","name":"Neuruppin OT Molchow, Molchowsee","region":"brandenburg","area":"Ostprignitz-Ruppin","water":"Molchowsee","status":"green","status_label":"Zum Baden geeignet","date":"2026-07-28","temp":21.0,"visibility":"0,6","ecoli":"15","entero":"15","coliform":null,"bacteriology":"keine Beanstandungen","warn":null,"info":null,"forecast":null,"eu_class":"ausgezeichnet","amenities":{"wc":"ja (Trocken- oder Dixitoilette)","gastro":"nein","rettung":"nein","abfall":"ja","strand":"kein Strand"},"link":"https://badestellen.brandenburg.de/badestelle/-/details/161","pct":{"ecoli":72,"entero":62,"visibility":10,"temp":37},"pct_n":{"ecoli":292,"entero":292,"visibility":290,"temp":292}}},{"type":"Feature","geometry":{"type":"Point","coordinates":[13.226873,53.182703]},"properties":{"id":"BB-139","name":"Fürstenberg OT Himmelpfort, Moderfitzsee","region":"brandenburg","area":"Oberhavel","water":"Moderfitzsee","status":"yellow","status_label":"Beanstandet – Warnhinweise beachten","date":"2026-07-28","temp":20.5,"visibility":"0,4","ecoli":"15","entero":"30","coliform":null,"bacteriology":"keine Beanstandungen","warn":"Aufgrund der geringen Sichttiefe...","info":null,"forecast":null,"eu_class":"ausgezeichnet","amenities":{"wc":"ja","gastro":"nein","rettung":"nein","abfall":"ja","strand":"Sand/Wiese"},"link":"https://badestellen.brandenburg.de/badestelle/-/details/139","pct":{"ecoli":72,"entero":20,"visibility":2,"temp":16},"pct_n":{"ecoli":292,"entero":292,"visibility":290,"temp":292}}},{"type":"Feature","geometry":{"type":"Point","coordinates":[14.21425,51.981481]},"properties":{"id":"BB-58","name":"Lamsfeld, Campingplatz, Mochowsee","region":"brandenburg","area":"Dahme-Spreewald","water":"Mochowsee","status":"green","status_label":"Zum Baden geeignet","date":"2026-06-29","temp":27.7,"visibility":"2,0","ecoli":"143","entero":"15","coliform":null,"bacteriology":"keine Beanstandungen","warn":null,"info":null,"forecast":null,"eu_class":"ausgezeichnet","amenities":{"wc":"ja","gastro":"ja","rettung":"nein","abfall":"ja","strand":"Sand/Wiese"},"link":"https://badestellen.brandenburg.de/badestelle/-/details/58","pct":{"ecoli":11,"entero":62,"visibility":75,"temp":96},"pct_n":{"ecoli":292,"entero":292,"visibility":290,"temp":292}}},{"type":"Feature","geometry":{"type":"Point","coordinates":[13.605076,52.339407]},"properties":{"id":"BB-57","name":"Zeuthen, Freibad, Miersdorfer See","region":"brandenburg","area":"Dahme-Spreewald","water":"Miersdorfer See","status":"green","status_label":"Zum Baden geeignet","date":"2026-06-29","temp":26.8,"visibility":"1,5","ecoli":"94","entero":"109","coliform":null,"bacteriology":"keine Beanstandungen","warn":null,"info":null,"forecast":null,"eu_class":"ausgezeichnet","amenities":{"wc":"ja","gastro":"ja","rettung":"nein","abfall":"ja","strand":"Wiese"},"link":"https://badestellen.brandenburg.de/badestelle/-/details/57","pct":{"ecoli":17,"entero":5,"visibility":57,"temp":93},"pct_n":{"ecoli":292,"entero":292,"visibility":290,"temp":292}}},{"type":"Feature","geometry":{"type":"Point","coordinates":[13.079498,53.188105]},"properties":{"id":"BB-138","name":"Fürstenberg OT Steinförde, Menowsee","region":"brandenburg","area":"Oberhavel","water":"Menowsee","status":"green","status_label":"Zum Baden geeignet","date":"2026-07-28","temp":20.4,"visibility":"0,9","ecoli":"15","entero":"15","coliform":null,"bacteriology":"keine Beanstandungen","warn":null,"info":null,"forecast":null,"eu_class":"ausgezeichnet","amenities":{"wc":"nein","gastro":"nein","rettung":"nein","abfall":"ja","strand":"Wiese"},"link":"https://badestellen.brandenburg.de/badestelle/-/details/138","pct":{"ecoli":72,"entero":62,"visibility":22,"temp":12},"pct_n":{"ecoli":292,"entero":292,"visibility":290,"temp":292}}},{"type":"Feature","geometry":{"type":"Point","coordinates":[13.41386,52.179465]},"properties":{"id":"BB-206","name":"Mellensee, Strandbad, Mellensee","region":"brandenburg","area":"Teltow-Fläming","water":"Mellensee","status":"green","status_label":"Zum Baden geeignet","date":"2026-07-28","temp":20.7,"visibility":"0,6","ecoli":"109","entero":"15","coliform":null,"bacteriology":"keine Beanstandungen","warn":null,"info":null,"forecast":null,"eu_class":"gut","amenities":{"wc":"ja","gastro":"ja","rettung":"zeitweise","abfall":"ja","strand":"Sand/Wiese"},"link":"https://badestellen.brandenburg.de/badestelle/-/details/206","pct":{"ecoli":15,"entero":62,"visibility":10,"temp":24},"pct_n":{"ecoli":292,"entero":292,"visibility":290,"temp":292}}},{"type":"Feature","geometry":{"type":"Point","coordinates":[13.403714,52.169518]},"properties":{"id":"BB-205","name":"Klausdorf, Strandbad, Mellensee","region":"brandenburg","area":"Teltow-Fläming","water":"Mellensee","status":"green","status_label":"Zum Baden geeignet","date":"2026-07-28","temp":20.9,"visibility":"0,6","ecoli":"299","entero":"30","coliform":null,"bacteriology":"keine Beanstandungen","warn":null,"info":null,"forecast":null,"eu_class":"ausgezeichnet","amenities":{"wc":"ja","gastro":"ja","rettung":"nein","abfall":"ja","strand":"Kies/Wiese"},"link":"https://badestellen.brandenburg.de/badestelle/-/details/205","pct":{"ecoli":3,"entero":20,"visibility":10,"temp":32},"pct_n":{"ecoli":292,"entero":292,"visibility":290,"temp":292}}},{"type":"Feature","geometry":{"type":"Point","coordinates":[13.377407,52.365766]},"properties":{"id":"BB-204","name":"Mahlow, Strand, Mahlower See","region":"brandenburg","area":"Teltow-Fläming","water":"Mahlower See","status":"green","status_label":"Zum Baden geeignet","date":"2026-07-29","temp":23.9,"visibility":"1,0","ecoli":"15","entero":"15","coliform":null,"bacteriology":"keine Beanstandungen","warn":null,"info":null,"forecast":null,"eu_class":"ausgezeichnet","amenities":{"wc":"ja","gastro":"ja","rettung":"nein","abfall":"ja","strand":"Sand/Wiese"},"link":"https://badestellen.brandenburg.de/badestelle/-/details/204","pct":{"ecoli":72,"entero":62,"visibility":33,"temp":84},"pct_n":{"ecoli":292,"entero":292,"visibility":290,"temp":292}}},{"type":"Feature","geometry":{"type":"Point","coordinates":[14.040002,53.246795]},"properties":{"id":"BB-231","name":"Lützlow, Lützlower See","region":"brandenburg","area":"Uckermark","water":"Lützlower See","status":"green","status_label":"Zum Baden geeignet","date":"2026-07-27","temp":20.5,"visibility":"1,0","ecoli":"46","entero":"15","coliform":null,"bacteriology":"keine Beanstandungen","warn":null,"info":null,"forecast":null,"eu_class":"ausgezeichnet","amenities":{"wc":"ja","gastro":"ja","rettung":"nein","abfall":"ja","strand":"Sand/Wiese"},"link":"https://badestellen.brandenburg.de/badestelle/-/details/231","pct":{"ecoli":32,"entero":62,"visibility":33,"temp":16},"pct_n":{"ecoli":292,"entero":292,"visibility":290,"temp":292}}},{"type":"Feature","geometry":{"type":"Point","coordinates":[13.566133,53.095554]},"properties":{"id":"BB-229","name":"Milmersdorf, OT Petersdorf, Lübbesee","region":"brandenburg","area":"Uckermark","water":"Lübbesee","status":"green","status_label":"Zum Baden geeignet","date":"2026-08-03","temp":22.1,"visibility":"2,5","ecoli":"15","entero":"15","coliform":null,"bacteriology":"keine Beanstandungen","warn":null,"info":null,"forecast":null,"eu_class":"ausgezeichnet","amenities":{"wc":"nein","gastro":"nein","rettung":"nein","abfall":"ja","strand":"Wiese"},"link":"https://badestellen.brandenburg.de/badestelle/-/details/229","pct":{"ecoli":72,"entero":62,"visibility":86,"temp":73},"pct_n":{"ecoli":292,"entero":292,"visibility":290,"temp":292}}},{"type":"Feature","geometry":{"type":"Point","coordinates":[13.536987,53.112047]},"properties":{"id":"BB-230","name":"Templin, Seehotel, Lübbesee","region":"brandenburg","area":"Uckermark","water":"Lübbesee","status":"green","status_label":"Zum Baden geeignet","date":"2026-08-03","temp":22.2,"visibility":"2,5","ecoli":"15","entero":"15","coliform":null,"bacteriology":"keine Beanstandungen","warn":null,"info":null,"forecast":null,"eu_class":"ausgezeichnet","amenities":{"wc":"ja","gastro":"ja","rettung":"nein","abfall":"ja","strand":"Sand/Wiese"},"link":"https://badestellen.brandenburg.de/badestelle/-/details/230","pct":{"ecoli":72,"entero":62,"visibility":86,"temp":75},"pct_n":{"ecoli":292,"entero":292,"visibility":290,"temp":292}}},{"type":"Feature","geometry":{"type":"Point","coordinates":[13.495798,52.745623]},"properties":{"id":"BB-7","name":"Lanke, Waldbad, Liepnitzsee","region":"brandenburg","area":"Barnim","water":"Liepnitzsee","status":"green","status_label":"Zum Baden geeignet","date":"2026-07-28","temp":21.1,"visibility":"3,0","ecoli":"347","entero":"15","coliform":null,"bacteriology":"keine Beanstandungen","warn":null,"info":null,"forecast":null,"eu_class":"ausgezeichnet","amenities":{"wc":"ja","gastro":"ja","rettung":"ja","abfall":"ja","strand":"Sand/Wiese"},"link":"https://badestellen.brandenburg.de/badestelle/-/details/7","pct":{"ecoli":2,"entero":62,"visibility":93,"temp":44},"pct_n":{"ecoli":292,"entero":292,"visibility":290,"temp":292}}},{"type":"Feature","geometry":{"type":"Point","coordinates":[13.263512,52.755056]},"properties":{"id":"BB-137","name":"Oranienburg, Lehnitzsee","region":"brandenburg","area":"Oberhavel","water":"Lehnitzsee","status":"yellow","status_label":"Beanstandet – Warnhinweise beachten","date":"2026-07-29","temp":20.8,"visibility":"0,8","ecoli":"15","entero":"15","coliform":null,"bacteriology":"keine Beanstandungen","warn":"Mikroskopischer Nachweis von Bla...","info":null,"forecast":null,"eu_class":"ausgezeichnet","amenities":{"wc":"ja","gastro":"ja","rettung":"ja (zeitweise)","abfall":"ja","strand":"Wiese/Sand"},"link":"https://badestellen.brandenburg.de/badestelle/-/details/137","pct":{"ecoli":72,"entero":62,"visibility":17,"temp":28},"pct_n":{"ecoli":292,"entero":292,"visibility":290,"temp":292}}},{"type":"Feature","geometry":{"type":"Point","coordinates":[13.77731,52.238467]},"properties":{"id":"BB-56","name":"Dolgenbrodt, Langer See","region":"brandenburg","area":"Dahme-Spreewald","water":"Langer See","status":"yellow","status_label":"Beanstandet – Warnhinweise beachten","date":"2026-07-27","temp":23.5,"visibility":"0,4","ecoli":"15","entero":"30","coliform":null,"bacteriology":"keine Beanstandungen","warn":"Aufgrund der geringen Sichttiefe...","info":null,"forecast":null,"eu_class":"ausgezeichnet","amenities":{"wc":"ja","gastro":"nein","rettung":"nein","abfall":"ja","strand":"Wiese"},"link":"https://badestellen.brandenburg.de/badestelle/-/details/56","pct":{"ecoli":72,"entero":20,"visibility":2,"temp":83},"pct_n":{"ecoli":292,"entero":292,"visibility":290,"temp":292}}},{"type":"Feature","geometry":{"type":"Point","coordinates":[13.370341,52.135981]},"properties":{"id":"BB-203","name":"Sperenberg, Strandbad, Krummer See","region":"brandenburg","area":"Teltow-Fläming","water":"Krummer See","status":"green","status_label":"Zum Baden geeignet","date":"2026-07-28","temp":21.0,"visibility":"0,7","ecoli":"46","entero":"15","coliform":null,"bacteriology":"keine Beanstandungen","warn":null,"info":null,"forecast":null,"eu_class":"ausgezeichnet","amenities":{"wc":"ja","gastro":"ja","rettung":"zeitweise","abfall":"ja","strand":"Sand/Wiese"},"link":"https://badestellen.brandenburg.de/badestelle/-/details/203","pct":{"ecoli":32,"entero":62,"visibility":13,"temp":37},"pct_n":{"ecoli":292,"entero":292,"visibility":290,"temp":292}}},{"type":"Feature","geometry":{"type":"Point","coordinates":[13.605249,52.268118]},"properties":{"id":"BB-55","name":"Krummensee, Krummer See","region":"brandenburg","area":"Dahme-Spreewald","water":"Krummer See","status":"green","status_label":"Zum Baden geeignet","date":"2026-06-29","temp":26.3,"visibility":"1,0","ecoli":"15","entero":"15","coliform":null,"bacteriology":"keine Beanstandungen","warn":null,"info":null,"forecast":null,"eu_class":"ausgezeichnet","amenities":{"wc":"ja","gastro":"ja","rettung":"nein","abfall":"ja","strand":"Sand"},"link":"https://badestellen.brandenburg.de/badestelle/-/details/55","pct":{"ecoli":72,"entero":62,"visibility":33,"temp":91},"pct_n":{"ecoli":292,"entero":292,"visibility":290,"temp":292}}},{"type":"Feature","geometry":{"type":"Point","coordinates":[13.694754,52.363152]},"properties":{"id":"BB-54","name":"Wernsdorf, Krossinsee","region":"brandenburg","area":"Dahme-Spreewald","water":"Krossinsee","status":"green","status_label":"Zum Baden geeignet","date":"2026-06-29","temp":28.1,"visibility":"1,0","ecoli":"46","entero":"15","coliform":null,"bacteriology":"keine Beanstandungen","warn":null,"info":null,"forecast":null,"eu_class":"ausgezeichnet","amenities":{"wc":"ja","gastro":"ja","rettung":"nein","abfall":"ja","strand":"Wiese"},"link":"https://badestellen.brandenburg.de/badestelle/-/details/54","pct":{"ecoli":32,"entero":62,"visibility":33,"temp":99},"pct_n":{"ecoli":292,"entero":292,"visibility":290,"temp":292}}},{"type":"Feature","geometry":{"type":"Point","coordinates":[13.661449,52.293494]},"properties":{"id":"BB-53","name":"Königs Wusterhausen OT Neue Mühle, Krimnicksee","region":"brandenburg","area":"Dahme-Spreewald","water":"Krimnicksee","status":"yellow","status_label":"Beanstandet – Warnhinweise beachten","date":"2026-07-27","temp":20.5,"visibility":"0,4","ecoli":"94","entero":"46","coliform":null,"bacteriology":"keine Beanstandungen","warn":"Aufgrund der geringen Sichttiefe...","info":null,"forecast":null,"eu_class":"ausgezeichnet","amenities":{"wc":"ja","gastro":"ja","rettung":"ja","abfall":"ja","strand":"Wiese"},"link":"https://badestellen.brandenburg.de/badestelle/-/details/53","pct":{"ecoli":17,"entero":13,"visibility":2,"temp":16},"pct_n":{"ecoli":292,"entero":292,"visibility":290,"temp":292}}},{"type":"Feature","geometry":{"type":"Point","coordinates":[13.807069,52.078845]},"properties":{"id":"BB-52","name":"Köthen, Jugendherberge, Köthener See","region":"brandenburg","area":"Dahme-Spreewald","water":"Köthener See","status":"green","status_label":"Zum Baden geeignet","date":"2026-06-29","temp":28.0,"visibility":"0,9","ecoli":"46","entero":"15","coliform":null,"bacteriology":"keine Beanstandungen","warn":null,"info":null,"forecast":null,"eu_class":"ausgezeichnet","amenities":{"wc":"ja","gastro":"nein","rettung":"nein","abfall":"ja","strand":"Sand"},"link":"https://badestellen.brandenburg.de/badestelle/-/details/52","pct":{"ecoli":32,"entero":62,"visibility":22,"temp":98},"pct_n":{"ecoli":292,"entero":292,"visibility":290,"temp":292}}},{"type":"Feature","geometry":{"type":"Point","coordinates":[13.671036,52.256847]},"properties":{"id":"BB-47","name":"Bestensee, Großer Tonteich (Körbiskruger Tonsee)","region":"brandenburg","area":"Dahme-Spreewald","water":"Großer Tonteich (Körbiskruger To...","status":"green","status_label":"Zum Baden geeignet","date":"2026-06-29","temp":26.8,"visibility":"2,0","ecoli":"15","entero":"15","coliform":null,"bacteriology":"keine Beanstandungen","warn":null,"info":null,"forecast":null,"eu_class":"ausgezeichnet","amenities":{"wc":"ja","gastro":"ja","rettung":"nein","abfall":"ja","strand":"Sand"},"link":"https://badestellen.brandenburg.de/badestelle/-/details/47","pct":{"ecoli":72,"entero":62,"visibility":75,"temp":93},"pct_n":{"ecoli":292,"entero":292,"visibility":290,"temp":292}}},{"type":"Feature","geometry":{"type":"Point","coordinates":[13.400276,51.81692]},"properties":{"id":"BB-202","name":"Erholungsgebiet Körbaer Teich, Körbaer See","region":"brandenburg","area":"Teltow-Fläming","water":"Körbaer See","status":"green","status_label":"Zum Baden geeignet","date":"2026-07-29","temp":22.0,"visibility":"0,5","ecoli":"15","entero":"15","coliform":null,"bacteriology":"keine Beanstandungen","warn":null,"info":null,"forecast":null,"eu_class":"ausgezeichnet","amenities":{"wc":"nein","gastro":"zeitweise","rettung":"nein","abfall":"ja","strand":"Sand/Wiese"},"link":"https://badestellen.brandenburg.de/badestelle/-/details/202","pct":{"ecoli":72,"entero":62,"visibility":6,"temp":70},"pct_n":{"ecoli":292,"entero":292,"visibility":290,"temp":292}}},{"type":"Feature","geometry":{"type":"Point","coordinates":[12.436892,53.05389]},"properties":{"id":"BB-160","name":"Königsberg, Königsberger See","region":"brandenburg","area":"Ostprignitz-Ruppin","water":"Königsberger See","status":"green","status_label":"Zum Baden geeignet","date":"2026-07-27","temp":21.0,"visibility":"0,7","ecoli":"110","entero":"46","coliform":null,"bacteriology":"keine Beanstandungen","warn":null,"info":null,"forecast":null,"eu_class":"ausgezeichnet","amenities":{"wc":"ja","gastro":"ja","rettung":"nein","abfall":"ja","strand":"Wiese"},"link":"https://badestellen.brandenburg.de/badestelle/-/details/160","pct":{"ecoli":14,"entero":13,"visibility":13,"temp":37},"pct_n":{"ecoli":292,"entero":292,"visibility":290,"temp":292}}},{"type":"Feature","geometry":{"type":"Point","coordinates":[14.20636,52.625298]},"properties":{"id":"BB-119","name":"Altfriedland, Klostersee","region":"brandenburg","area":"Märkisch-Oderland","water":"Klostersee","status":"green","status_label":"Zum Baden geeignet","date":"2026-07-28","temp":22.0,"visibility":"1,9","ecoli":"15","entero":"15","coliform":null,"bacteriology":"keine Beanstandungen","warn":null,"info":null,"forecast":null,"eu_class":"ausgezeichnet","amenities":{"wc":"ja","gastro":"ja","rettung":"nein","abfall":"ja","strand":"Wiese"},"link":"https://badestellen.brandenburg.de/badestelle/-/details/119","pct":{"ecoli":72,"entero":62,"visibility":67,"temp":70},"pct_n":{"ecoli":292,"entero":292,"visibility":290,"temp":292}}},{"type":"Feature","geometry":{"type":"Point","coordinates":[13.2218,52.1846]},"properties":{"id":"BB-201","name":"Kliestow, Strand, Kliestower See","region":"brandenburg","area":"Teltow-Fläming","water":"Kliestower See","status":"green","status_label":"Zum Baden geeignet","date":"2026-07-29","temp":22.7,"visibility":"0,5","ecoli":"127","entero":"15","coliform":null,"bacteriology":"keine Beanstandungen","warn":null,"info":null,"forecast":null,"eu_class":"ausreichend","amenities":{"wc":"ja (mobil)","gastro":"nein","rettung":"nein","abfall":"ja","strand":"Kies/Wiese"},"link":"https://badestellen.brandenburg.de/badestelle/-/details/201","pct":{"ecoli":12,"entero":62,"visibility":6,"temp":79},"pct_n":{"ecoli":292,"entero":292,"visibility":290,"temp":292}}},{"type":"Feature","geometry":{"type":"Point","coordinates":[12.480188,52.733578]},"properties":{"id":"BB-41","name":"Kleßen, Kleßener See","region":"brandenburg","area":"Havelland","water":"Kleßener See","status":"green","status_label":"Zum Baden geeignet","date":"2026-07-28","temp":25.0,"visibility":"2,0","ecoli":"15","entero":"15","coliform":null,"bacteriology":"keine Beanstandungen","warn":null,"info":null,"forecast":null,"eu_class":"ausgezeichnet","amenities":{"wc":"nein","gastro":"nein","rettung":"nein","abfall":"ja","strand":"Wiese"},"link":"https://badestellen.brandenburg.de/badestelle/-/details/41","pct":{"ecoli":72,"entero":62,"visibility":75,"temp":89},"pct_n":{"ecoli":292,"entero":292,"visibility":290,"temp":292}}},{"type":"Feature","geometry":{"type":"Point","coordinates":[12.457372,52.903419]},"properties":{"id":"BB-159","name":"Wusterhausen, Freibad, Klempowsee","region":"brandenburg","area":"Ostprignitz-Ruppin","water":"Klempowsee","status":"green","status_label":"Zum Baden geeignet","date":"2026-07-27","temp":20.0,"visibility":"1,1","ecoli":"15","entero":"15","coliform":null,"bacteriology":"keine Beanstandungen","warn":null,"info":null,"forecast":null,"eu_class":"ausgezeichnet","amenities":{"wc":"ja","gastro":"ja","rettung":"ja","abfall":"ja","strand":"Sand"},"link":"https://badestellen.brandenburg.de/badestelle/-/details/159","pct":{"ecoli":72,"entero":62,"visibility":44,"temp":5},"pct_n":{"ecoli":292,"entero":292,"visibility":290,"temp":292}}},{"type":"Feature","geometry":{"type":"Point","coordinates":[13.998798,53.250843]},"properties":{"id":"BB-228","name":"Falkenwalde,  OT Neu Kleinow, Kleinowsee","region":"brandenburg","area":"Uckermark","water":"Kleinowsee","status":"green","status_label":"Zum Baden geeignet","date":"2026-07-27","temp":20.9,"visibility":"1,0","ecoli":"15","entero":"15","coliform":null,"bacteriology":"keine Beanstandungen","warn":null,"info":null,"forecast":null,"eu_class":"ausgezeichnet","amenities":{"wc":"nein","gastro":"nein","rettung":"nein","abfall":"ja","strand":"Sand/Wiese"},"link":"https://badestellen.brandenburg.de/badestelle/-/details/228","pct":{"ecoli":72,"entero":62,"visibility":33,"temp":32},"pct_n":{"ecoli":292,"entero":292,"visibility":290,"temp":292}}},{"type":"Feature","geometry":{"type":"Point","coordinates":[13.175637,53.074888]},"properties":{"id":"BB-136","name":"Gransee OT Seilershof, Kleiner Wentowsee","region":"brandenburg","area":"Oberhavel","water":"Kleiner Wentowsee","status":"green","status_label":"Zum Baden geeignet","date":"2026-07-27","temp":20.8,"visibility":"0,5","ecoli":"15","entero":"15","coliform":null,"bacteriology":"keine Beanstandungen","warn":null,"info":null,"forecast":null,"eu_class":"ausgezeichnet","amenities":{"wc":"ja","gastro":"nein","rettung":"nein","abfall":"ja","strand":"Wiese"},"link":"https://badestellen.brandenburg.de/badestelle/-/details/136","pct":{"ecoli":72,"entero":62,"visibility":6,"temp":28},"pct_n":{"ecoli":292,"entero":292,"visibility":290,"temp":292}}},{"type":"Feature","geometry":{"type":"Point","coordinates":[12.930566,53.192659]},"properties":{"id":"BB-158","name":"Kleinzerlang, Kleiner Pälitzsee","region":"brandenburg","area":"Ostprignitz-Ruppin","water":"Kleiner Pälitzsee","status":"green","status_label":"Zum Baden geeignet","date":"2026-07-28","temp":20.0,"visibility":"1,5","ecoli":"15","entero":"15","coliform":null,"bacteriology":"keine Beanstandungen","warn":null,"info":null,"forecast":null,"eu_class":"ausgezeichnet","amenities":{"wc":"ja","gastro":"ja","rettung":"nein","abfall":"ja","strand":"kein Strand"},"link":"https://badestellen.brandenburg.de/badestelle/-/details/158","pct":{"ecoli":72,"entero":62,"visibility":57,"temp":5},"pct_n":{"ecoli":292,"entero":292,"visibility":290,"temp":292}}},{"type":"Feature","geometry":{"type":"Point","coordinates":[13.680286,52.169277]},"properties":{"id":"BB-51","name":"Groß Köris OT Klein Köris, Jugendherberge, Klein Köriser See","region":"brandenburg","area":"Dahme-Spreewald","water":"Klein Köriser See","status":"green","status_label":"Zum Baden geeignet","date":"2026-06-29","temp":27.8,"visibility":"0,6","ecoli":"61","entero":"15","coliform":null,"bacteriology":"keine Beanstandungen","warn":null,"info":null,"forecast":null,"eu_class":"ausgezeichnet","amenities":{"wc":"nein","gastro":"nein","rettung":"nein","abfall":"ja","strand":"Sand"},"link":"https://badestellen.brandenburg.de/badestelle/-/details/51","pct":{"ecoli":26,"entero":62,"visibility":10,"temp":97},"pct_n":{"ecoli":292,"entero":292,"visibility":290,"temp":292}}},{"type":"Feature","geometry":{"type":"Point","coordinates":[13.61498,52.232376]},"properties":{"id":"BB-50","name":"Bestensee, Liegewiese, Kiessee II","region":"brandenburg","area":"Dahme-Spreewald","water":"Kiessee II","status":"green","status_label":"Zum Baden geeignet","date":"2026-06-29","temp":27.3,"visibility":"1,3","ecoli":"61","entero":"46","coliform":null,"bacteriology":"keine Beanstandungen","warn":null,"info":null,"forecast":null,"eu_class":"ausgezeichnet","amenities":{"wc":"ja","gastro":"ja","rettung":"nein","abfall":"ja","strand":"Sand"},"link":"https://badestellen.brandenburg.de/badestelle/-/details/50","pct":{"ecoli":26,"entero":13,"visibility":51,"temp":95},"pct_n":{"ecoli":292,"entero":292,"visibility":290,"temp":292}}},{"type":"Feature","geometry":{"type":"Point","coordinates":[13.382195,52.652234]},"properties":{"id":"BB-135","name":"Mühlenbecker Land OT Schildow, Kiessee","region":"brandenburg","area":"Oberhavel","water":"Kiessee","status":"green","status_label":"Zum Baden geeignet","date":"2026-07-29","temp":21.3,"visibility":"0,7","ecoli":"15","entero":"15","coliform":null,"bacteriology":"keine Beanstandungen","warn":null,"info":null,"forecast":null,"eu_class":"ausgezeichnet","amenities":{"wc":"ja","gastro":"ja","rettung":"ja (Wochenende)","abfall":"ja","strand":"Wiese/Kies"},"link":"https://badestellen.brandenburg.de/badestelle/-/details/135","pct":{"ecoli":72,"entero":62,"visibility":13,"temp":49},"pct_n":{"ecoli":292,"entero":292,"visibility":290,"temp":292}}},{"type":"Feature","geometry":{"type":"Point","coordinates":[13.875775,52.437937]},"properties":{"id":"BB-83","name":"Kagel, Zeltplatz E40, Kiessee","region":"brandenburg","area":"Oder-Spree","water":"Kiessee","status":"green","status_label":"Zum Baden geeignet","date":"2026-07-27","temp":19.4,"visibility":"1,5","ecoli":"15","entero":"15","coliform":null,"bacteriology":"keine Beanstandungen","warn":null,"info":null,"forecast":null,"eu_class":"ausgezeichnet","amenities":{"wc":"ja","gastro":"ja","rettung":"nein","abfall":"ja","strand":"Sand/Wiese"},"link":"https://badestellen.brandenburg.de/badestelle/-/details/83","pct":{"ecoli":72,"entero":62,"visibility":57,"temp":1},"pct_n":{"ecoli":292,"entero":292,"visibility":290,"temp":292}}},{"type":"Feature","geometry":{"type":"Point","coordinates":[13.437669,52.274174]},"properties":{"id":"BB-200","name":"Rangsdorf, Strand am Kiessee, Kiessee","region":"brandenburg","area":"Teltow-Fläming","water":"Kiessee","status":"green","status_label":"Zum Baden geeignet","date":"2026-07-29","temp":23.0,"visibility":"1,8","ecoli":"15","entero":"15","coliform":null,"bacteriology":"keine Beanstandungen","warn":null,"info":null,"forecast":null,"eu_class":"ausgezeichnet","amenities":{"wc":"nein","gastro":"nein","rettung":"nein","abfall":"ja","strand":"Sand/Wiese"},"link":"https://badestellen.brandenburg.de/badestelle/-/details/200","pct":{"ecoli":72,"entero":62,"visibility":65,"temp":80},"pct_n":{"ecoli":292,"entero":292,"visibility":290,"temp":292}}},{"type":"Feature","geometry":{"type":"Point","coordinates":[13.388555,52.226323]},"properties":{"id":"BB-199","name":"Horstfelde, Wasserskianlage, Kiessee","region":"brandenburg","area":"Teltow-Fläming","water":"Kiessee","status":"green","status_label":"Zum Baden geeignet","date":"2026-07-29","temp":22.0,"visibility":"1,3","ecoli":"46","entero":"15","coliform":null,"bacteriology":"keine Beanstandungen","warn":null,"info":null,"forecast":null,"eu_class":"ausgezeichnet","amenities":{"wc":"ja","gastro":"ja","rettung":"nein","abfall":"ja","strand":"Sand/Kies"},"link":"https://badestellen.brandenburg.de/badestelle/-/details/199","pct":{"ecoli":32,"entero":62,"visibility":51,"temp":70},"pct_n":{"ecoli":292,"entero":292,"visibility":290,"temp":292}}},{"type":"Feature","geometry":{"type":"Point","coordinates":[13.261228,51.59876]},"properties":{"id":"BB-28","name":"Oststrand, Uferbereich, Falkenberg \"Kiebitz\"","region":"brandenburg","area":"Elbe-Elster","water":"Falkenberg \"Kiebitz\"","status":"green","status_label":"Zum Baden geeignet","date":"2026-07-29","temp":22.6,"visibility":"1,5","ecoli":"197","entero":"30","coliform":null,"bacteriology":"keine Beanstandungen","warn":null,"info":null,"forecast":null,"eu_class":"ausgezeichnet","amenities":{"wc":"ja","gastro":"ja","rettung":"ja (zeitweise)","abfall":"ja","strand":"Sand/Wiese"},"link":"https://badestellen.brandenburg.de/badestelle/-/details/28","pct":{"ecoli":6,"entero":20,"visibility":57,"temp":78},"pct_n":{"ecoli":292,"entero":292,"visibility":290,"temp":292}}},{"type":"Feature","geometry":{"type":"Point","coordinates":[13.245333,53.236019]},"properties":{"id":"BB-227","name":"Retzow, Kastaven, Kastavensee","region":"brandenburg","area":"Uckermark","water":"Kastavensee","status":"green","status_label":"Zum Baden geeignet","date":"2026-07-30","temp":22.1,"visibility":"2,5","ecoli":"15","entero":"15","coliform":null,"bacteriology":"keine Beanstandungen","warn":null,"info":null,"forecast":null,"eu_class":"ausgezeichnet","amenities":{"wc":"ja","gastro":"nein","rettung":"nein","abfall":"ja","strand":"Sand/Waldboden"},"link":"https://badestellen.brandenburg.de/badestelle/-/details/227","pct":{"ecoli":72,"entero":62,"visibility":86,"temp":73},"pct_n":{"ecoli":292,"entero":292,"visibility":290,"temp":292}}},{"type":"Feature","geometry":{"type":"Point","coordinates":[13.764433,52.459222]},"properties":{"id":"BB-82","name":"Woltersdorf, Richard-Wagner-Straße, Kalksee","region":"brandenburg","area":"Oder-Spree","water":"Kalksee","status":"green","status_label":"Zum Baden geeignet","date":"2026-07-27","temp":20.7,"visibility":"2,0","ecoli":"15","entero":"15","coliform":null,"bacteriology":"keine Beanstandungen","warn":null,"info":null,"forecast":null,"eu_class":"ausgezeichnet","amenities":{"wc":"ja (Dixitoilette)","gastro":"nein","rettung":"nein","abfall":"ja","strand":"Wiese"},"link":"https://badestellen.brandenburg.de/badestelle/-/details/82","pct":{"ecoli":72,"entero":62,"visibility":75,"temp":24},"pct_n":{"ecoli":292,"entero":292,"visibility":290,"temp":292}}},{"type":"Feature","geometry":{"type":"Point","coordinates":[12.802532,53.0472]},"properties":{"id":"BB-157","name":"Binenwalde, Kalksee","region":"brandenburg","area":"Ostprignitz-Ruppin","water":"Kalksee","status":"green","status_label":"Zum Baden geeignet","date":"2026-07-29","temp":22.0,"visibility":"2,0","ecoli":"434","entero":"194","coliform":null,"bacteriology":"keine Beanstandungen","warn":null,"info":null,"forecast":null,"eu_class":"ausgezeichnet","amenities":{"wc":"ja (Trocken- oder Dixitoilette)","gastro":"nein","rettung":"nein","abfall":"ja","strand":"Sand"},"link":"https://badestellen.brandenburg.de/badestelle/-/details/157","pct":{"ecoli":2,"entero":2,"visibility":75,"temp":70},"pct_n":{"ecoli":292,"entero":292,"visibility":290,"temp":292}}},{"type":"Feature","geometry":{"type":"Point","coordinates":[13.711271,51.783163]},"properties":{"id":"BB-49","name":"Bornsdorf, Horstteich","region":"brandenburg","area":"Dahme-Spreewald","water":"Horstteich","status":"green","status_label":"Zum Baden geeignet","date":"2026-06-29","temp":28.0,"visibility":"3,0","ecoli":"15","entero":"15","coliform":null,"bacteriology":"keine Beanstandungen","warn":null,"info":null,"forecast":null,"eu_class":"ausgezeichnet","amenities":{"wc":"ja","gastro":"ja","rettung":"nein","abfall":"ja","strand":"Sand"},"link":"https://badestellen.brandenburg.de/badestelle/-/details/49","pct":{"ecoli":72,"entero":62,"visibility":93,"temp":98},"pct_n":{"ecoli":292,"entero":292,"visibility":290,"temp":292}}},{"type":"Feature","geometry":{"type":"Point","coordinates":[13.711442,52.199868]},"properties":{"id":"BB-48","name":"KiEZ \"Hölzerner See\", Gräbendorf, Hölzerner See","region":"brandenburg","area":"Dahme-Spreewald","water":"Hölzerner See","status":"green","status_label":"Zum Baden geeignet","date":"2026-06-29","temp":27.2,"visibility":"0,9","ecoli":"61","entero":"15","coliform":null,"bacteriology":"keine Beanstandungen","warn":null,"info":null,"forecast":null,"eu_class":"ausgezeichnet","amenities":{"wc":"ja","gastro":"ja","rettung":"nein","abfall":"ja","strand":"Sand"},"link":"https://badestellen.brandenburg.de/badestelle/-/details/48","pct":{"ecoli":26,"entero":62,"visibility":22,"temp":95},"pct_n":{"ecoli":292,"entero":292,"visibility":290,"temp":292}}},{"type":"Feature","geometry":{"type":"Point","coordinates":[14.2858,53.0522]},"properties":{"id":"BB-280","name":"Flussbadestelle Schwedt/Oder, Hohensaaten-Friedrichsthaler Wasserstraße","region":"brandenburg","area":"Uckermark","water":"Hohensaaten-Friedrichsthaler Was...","status":"green","status_label":"Zum Baden geeignet","date":"2026-07-29","temp":21.3,"visibility":"1,2","ecoli":"30","entero":"15","coliform":null,"bacteriology":"keine Beanstandungen","warn":"Änderung am Badegewässer - Bewirtschaftungsmaßnahmen","info":null,"forecast":null,"eu_class":null,"amenities":{"wc":"ja","gastro":"ja","rettung":"nein","abfall":"ja","strand":"Wiese"},"link":"https://badestellen.brandenburg.de/badestelle/-/details/280","pct":{"ecoli":40,"entero":62,"visibility":48,"temp":49},"pct_n":{"ecoli":292,"entero":292,"visibility":290,"temp":292}}},{"type":"Feature","geometry":{"type":"Point","coordinates":[12.43128,52.649295]},"properties":{"id":"BB-38","name":"Ferchesar, Dranseschlucht, Hohennauener See (Ferchesarer See)","region":"brandenburg","area":"Havelland","water":"Hohennauener See (Ferchesarer Se...","status":"yellow","status_label":"Beanstandet – Warnhinweise beachten","date":"2026-07-28","temp":20.9,"visibility":"0,5","ecoli":"15","entero":"15","coliform":null,"bacteriology":"keine Beanstandungen","warn":"Gefahr der Blaualgenmassenentwic...","info":null,"forecast":null,"eu_class":"ausgezeichnet","amenities":{"wc":"nein","gastro":"ja","rettung":"nein","abfall":"ja","strand":"Sand"},"link":"https://badestellen.brandenburg.de/badestelle/-/details/38","pct":{"ecoli":72,"entero":62,"visibility":6,"temp":32},"pct_n":{"ecoli":292,"entero":292,"visibility":290,"temp":292}}},{"type":"Feature","geometry":{"type":"Point","coordinates":[12.431984,52.651163]},"properties":{"id":"BB-40","name":"Ferchesar, Zeltplatz, Hohennauener See (Ferchesarer See)","region":"brandenburg","area":"Havelland","water":"Hohennauener See (Ferchesarer Se...","status":"yellow","status_label":"Beanstandet – Warnhinweise beachten","date":"2026-07-28","temp":20.4,"visibility":"0,5","ecoli":"15","entero":"15","coliform":null,"bacteriology":"keine Beanstandungen","warn":"Gefahr der Blaualgenmassenentwic...","info":null,"forecast":null,"eu_class":"ausgezeichnet","amenities":{"wc":"ja","gastro":"ja","rettung":"nein","abfall":"ja","strand":"Wiese"},"link":"https://badestellen.brandenburg.de/badestelle/-/details/40","pct":{"ecoli":72,"entero":62,"visibility":6,"temp":12},"pct_n":{"ecoli":292,"entero":292,"visibility":290,"temp":292}}},{"type":"Feature","geometry":{"type":"Point","coordinates":[12.376928,52.668328]},"properties":{"id":"BB-39","name":"Wassersuppe, Hohennauener See","region":"brandenburg","area":"Havelland","water":"Hohennauener See","status":"yellow","status_label":"Beanstandet – Warnhinweise beachten","date":"2026-07-28","temp":21.0,"visibility":"1,0","ecoli":"15","entero":"15","coliform":null,"bacteriology":"keine Beanstandungen","warn":"Gefahr der Blaualgenmassenentwic...","info":null,"forecast":null,"eu_class":"ausgezeichnet","amenities":{"wc":"ja","gastro":"nein","rettung":"nein","abfall":"ja","strand":"Wiese"},"link":"https://badestellen.brandenburg.de/badestelle/-/details/39","pct":{"ecoli":72,"entero":62,"visibility":33,"temp":37},"pct_n":{"ecoli":292,"entero":292,"visibility":290,"temp":292}}},{"type":"Feature","geometry":{"type":"Point","coordinates":[12.393301,52.661145]},"properties":{"id":"BB-37","name":"Semlin, Bauerndeich, Hohennauener See","region":"brandenburg","area":"Havelland","water":"Hohennauener See","status":"yellow","status_label":"Beanstandet – Warnhinweise beachten","date":"2026-07-28","temp":20.4,"visibility":"0,6","ecoli":"655","entero":"15","coliform":null,"bacteriology":"keine Beanstandungen","warn":"Gefahr der Blaualgenmassenentwic...","info":null,"forecast":null,"eu_class":"ausgezeichnet","amenities":{"wc":"ja","gastro":"ja","rettung":"nein","abfall":"ja","strand":"Wiese"},"link":"https://badestellen.brandenburg.de/badestelle/-/details/37","pct":{"ecoli":1,"entero":62,"visibility":10,"temp":12},"pct_n":{"ecoli":292,"entero":292,"visibility":290,"temp":292}}},{"type":"Feature","geometry":{"type":"Point","coordinates":[12.341381,52.665431]},"properties":{"id":"BB-36","name":"Hohennauen, Hohennauener See","region":"brandenburg","area":"Havelland","water":"Hohennauener See","status":"yellow","status_label":"Beanstandet – Warnhinweise beachten","date":"2026-07-28","temp":21.4,"visibility":"1,0","ecoli":"15","entero":"15","coliform":null,"bacteriology":"keine Beanstandungen","warn":"Gefahr der Blaualgenmassenentwic...","info":null,"forecast":null,"eu_class":"ausgezeichnet","amenities":{"wc":"ja","gastro":"ja","rettung":"nein","abfall":"ja","strand":"Sand/Wiese"},"link":"https://badestellen.brandenburg.de/badestelle/-/details/36","pct":{"ecoli":72,"entero":62,"visibility":33,"temp":53},"pct_n":{"ecoli":292,"entero":292,"visibility":290,"temp":292}}},{"type":"Feature","geometry":{"type":"Point","coordinates":[14.441489,52.428242]},"properties":{"id":"BB-118","name":"Alt Zeschdorf, Hohenjesarscher See","region":"brandenburg","area":"Märkisch-Oderland","water":"Hohenjesarscher See","status":"green","status_label":"Zum Baden geeignet","date":"2026-07-29","temp":21.6,"visibility":"1,1","ecoli":"46","entero":"15","coliform":null,"bacteriology":"keine Beanstandungen","warn":null,"info":null,"forecast":null,"eu_class":"gut","amenities":{"wc":"ja","gastro":"ja","rettung":"nein","abfall":"ja","strand":"Wiese"},"link":"https://badestellen.brandenburg.de/badestelle/-/details/118","pct":{"ecoli":32,"entero":62,"visibility":44,"temp":59},"pct_n":{"ecoli":292,"entero":292,"visibility":290,"temp":292}}},{"type":"Feature","geometry":{"type":"Point","coordinates":[13.6959,52.1121]},"properties":{"id":"BB-259","name":"Halbe, Heidesee","region":"brandenburg","area":"Dahme-Spreewald","water":"Heidesee","status":"green","status_label":"Zum Baden geeignet","date":"2026-07-03","temp":24.0,"visibility":"2,0","ecoli":"291","entero":"159","coliform":null,"bacteriology":"keine Beanstandungen","warn":null,"info":null,"forecast":null,"eu_class":"ausgezeichnet","amenities":{"wc":"ja","gastro":"ja","rettung":"nein","abfall":"ja","strand":"Sand"},"link":"https://badestellen.brandenburg.de/badestelle/-/details/259","pct":{"ecoli":4,"entero":2,"visibility":75,"temp":85},"pct_n":{"ecoli":292,"entero":292,"visibility":290,"temp":292}}},{"type":"Feature","geometry":{"type":"Point","coordinates":[13.080505,52.401832]},"properties":{"id":"BB-180","name":"Stadtbad Park Babelsberg, Havel, Tiefer See","region":"brandenburg","area":"Potsdam","water":"Havel, Tiefer See","status":"yellow","status_label":"Beanstandet – Warnhinweise beachten","date":"2026-07-28","temp":21.3,"visibility":"1,2","ecoli":"15","entero":"15","coliform":null,"bacteriology":"keine Beanstandungen","warn":"Gefahr einer Algen- und Blaualge...","info":null,"forecast":null,"eu_class":"ausgezeichnet","amenities":{"wc":"ja","gastro":"ja","rettung":"ja","abfall":"ja","strand":"Sand/Wiese"},"link":"https://badestellen.brandenburg.de/badestelle/-/details/180","pct":{"ecoli":72,"entero":62,"visibility":48,"temp":49},"pct_n":{"ecoli":292,"entero":292,"visibility":290,"temp":292}}},{"type":"Feature","geometry":{"type":"Point","coordinates":[12.845915,52.470174]},"properties":{"id":"BB-35","name":"Ketzin/Havel, Ketziner Havelstrand, Havel","region":"brandenburg","area":"Havelland","water":"Havel","status":"yellow","status_label":"Beanstandet – Warnhinweise beachten","date":"2026-07-28","temp":20.7,"visibility":"1,0","ecoli":"195","entero":"15","coliform":null,"bacteriology":"keine Beanstandungen","warn":"Gefahr der Blaualgenmassenentwic...","info":null,"forecast":null,"eu_class":"ausgezeichnet","amenities":{"wc":"ja","gastro":"ja","rettung":"nein","abfall":"ja","strand":"Sand/Wiese"},"link":"https://badestellen.brandenburg.de/badestelle/-/details/35","pct":{"ecoli":6,"entero":62,"visibility":33,"temp":24},"pct_n":{"ecoli":292,"entero":292,"visibility":290,"temp":292}}},{"type":"Feature","geometry":{"type":"Point","coordinates":[12.285655,52.662007]},"properties":{"id":"BB-282","name":"Grütz, Biwakplatz, Havel","region":"brandenburg","area":"Havelland","water":"Havel","status":"green","status_label":"Zum Baden geeignet","date":"2026-07-27","temp":22.3,"visibility":"1,0","ecoli":"15","entero":"15","coliform":null,"bacteriology":null,"warn":null,"info":null,"forecast":null,"eu_class":"ausgezeichnet","amenities":{"wc":"ja","gastro":"nein","rettung":"nein","abfall":"ja","strand":"Wiese"},"link":"https://badestellen.brandenburg.de/badestelle/-/details/282","pct":{"ecoli":72,"entero":62,"visibility":33,"temp":76},"pct_n":{"ecoli":292,"entero":292,"visibility":290,"temp":292}}},{"type":"Feature","geometry":{"type":"Point","coordinates":[12.317514,52.638299]},"properties":{"id":"BB-281","name":"Göttlin, Biwakplatz, Havel","region":"brandenburg","area":"Havelland","water":"Havel","status":"green","status_label":"Zum Baden geeignet","date":"2026-07-27","temp":22.0,"visibility":"0,9","ecoli":"15","entero":"15","coliform":null,"bacteriology":null,"warn":null,"info":null,"forecast":null,"eu_class":"ausgezeichnet","amenities":{"wc":"ja","gastro":"nein","rettung":"nein","abfall":"ja","strand":"Sand"},"link":"https://badestellen.brandenburg.de/badestelle/-/details/281","pct":{"ecoli":72,"entero":62,"visibility":22,"temp":70},"pct_n":{"ecoli":292,"entero":292,"visibility":290,"temp":292}}},{"type":"Feature","geometry":{"type":"Point","coordinates":[13.24662,53.179229]},"properties":{"id":"BB-134","name":"Fürstenberg OT Himmelpfort-Pian, Haussee","region":"brandenburg","area":"Oberhavel","water":"Haussee","status":"green","status_label":"Zum Baden geeignet","date":"2026-07-28","temp":20.6,"visibility":"1,0","ecoli":"15","entero":"15","coliform":null,"bacteriology":"keine Beanstandungen","warn":null,"info":null,"forecast":null,"eu_class":"ausgezeichnet","amenities":{"wc":"ja","gastro":"nein","rettung":"nein","abfall":"ja","strand":"Sand/Wiese"},"link":"https://badestellen.brandenburg.de/badestelle/-/details/134","pct":{"ecoli":72,"entero":62,"visibility":33,"temp":20},"pct_n":{"ecoli":292,"entero":292,"visibility":290,"temp":292}}},{"type":"Feature","geometry":{"type":"Point","coordinates":[13.542305,53.251978]},"properties":{"id":"BB-226","name":"Hardenbeck, Haussee","region":"brandenburg","area":"Uckermark","water":"Haussee","status":"green","status_label":"Zum Baden geeignet","date":"2026-08-04","temp":22.2,"visibility":"2,8","ecoli":"15","entero":"15","coliform":null,"bacteriology":"keine Beanstandungen","warn":null,"info":null,"forecast":null,"eu_class":"ausgezeichnet","amenities":{"wc":"nein","gastro":"nein","rettung":"nein","abfall":"ja","strand":"Wiese"},"link":"https://badestellen.brandenburg.de/badestelle/-/details/226","pct":{"ecoli":72,"entero":62,"visibility":89,"temp":75},"pct_n":{"ecoli":292,"entero":292,"visibility":290,"temp":292}}},{"type":"Feature","geometry":{"type":"Point","coordinates":[12.982322,52.974242]},"properties":{"id":"BB-156","name":"Lindow, Gudelacksee","region":"brandenburg","area":"Ostprignitz-Ruppin","water":"Gudelacksee","status":"green","status_label":"Zum Baden geeignet","date":"2026-07-28","temp":21.0,"visibility":"2,0","ecoli":"46","entero":"15","coliform":null,"bacteriology":"keine Beanstandungen","warn":null,"info":null,"forecast":null,"eu_class":"ausgezeichnet","amenities":{"wc":"ja","gastro":"ja","rettung":"nein","abfall":"ja","strand":"Grünstrand"},"link":"https://badestellen.brandenburg.de/badestelle/-/details/156","pct":{"ecoli":32,"entero":62,"visibility":75,"temp":37},"pct_n":{"ecoli":292,"entero":292,"visibility":290,"temp":292}}},{"type":"Feature","geometry":{"type":"Point","coordinates":[13.664662,51.508673]},"properties":{"id":"BB-174","name":"Grünewalde, Grünewalder Lauch","region":"brandenburg","area":"Oberspreewald-Lausitz","water":"Grünewalder Lauch","status":"green","status_label":"Zum Baden geeignet","date":"2026-07-27","temp":21.5,"visibility":"2,5","ecoli":"15","entero":"15","coliform":null,"bacteriology":"keine Beanstandungen","warn":"ph-Wert=3,16 geogen bedingt","info":null,"forecast":null,"eu_class":"ausgezeichnet","amenities":{"wc":"ja","gastro":"ja","rettung":"nein","abfall":"ja","strand":"Sand/Wiese"},"link":"https://badestellen.brandenburg.de/badestelle/-/details/174","pct":{"ecoli":72,"entero":62,"visibility":86,"temp":57},"pct_n":{"ecoli":292,"entero":292,"visibility":290,"temp":292}}},{"type":"Feature","geometry":{"type":"Point","coordinates":[13.656079,51.518286]},"properties":{"id":"BB-27","name":"Strandbereich Gorden, Grünewalder Lauch","region":"brandenburg","area":"Elbe-Elster","water":"Grünewalder Lauch","status":"green","status_label":"Zum Baden geeignet","date":"2026-07-28","temp":21.8,"visibility":"2,0","ecoli":"15","entero":"15","coliform":null,"bacteriology":"keine Beanstandungen","warn":null,"info":null,"forecast":null,"eu_class":"ausgezeichnet","amenities":{"wc":"ja","gastro":"ja","rettung":"nein","abfall":"ja","strand":"Sand/Kies"},"link":"https://badestellen.brandenburg.de/badestelle/-/details/27","pct":{"ecoli":72,"entero":62,"visibility":75,"temp":65},"pct_n":{"ecoli":292,"entero":292,"visibility":290,"temp":292}}},{"type":"Feature","geometry":{"type":"Point","coordinates":[13.995264,52.158453]},"properties":{"id":"BB-106","name":"Limsdorf, Grubensee","region":"brandenburg","area":"Oder-Spree","water":"Grubensee","status":"green","status_label":"Zum Baden geeignet","date":"2026-07-27","temp":21.0,"visibility":"2,0","ecoli":"94","entero":"30","coliform":null,"bacteriology":"keine Beanstandungen","warn":"Badestelle befindet sich im Naturschutzgebiet, Verhaltensregeln beachten!","info":null,"forecast":null,"eu_class":"ausgezeichnet","amenities":{"wc":"ja","gastro":"ja","rettung":"nein","abfall":"ja","strand":"Waldboden"},"link":"https://badestellen.brandenburg.de/badestelle/-/details/106","pct":{"ecoli":17,"entero":20,"visibility":75,"temp":37},"pct_n":{"ecoli":292,"entero":292,"visibility":290,"temp":292}}},{"type":"Feature","geometry":{"type":"Point","coordinates":[14.477649,51.933052]},"properties":{"id":"BB-191","name":"Tauer, Großsee","region":"brandenburg","area":"Spree-Neiße","water":"Großsee","status":"green","status_label":"Zum Baden geeignet","date":"2026-07-28","temp":21.8,"visibility":"m","ecoli":"15","entero":"15","coliform":null,"bacteriology":"keine Beanstandungen","warn":"Steilstrand = Baden nur für Schwimmer","info":null,"forecast":null,"eu_class":"ausgezeichnet","amenities":{"wc":"ja","gastro":"nein","rettung":"nein","abfall":"ja","strand":"Sand"},"link":"https://badestellen.brandenburg.de/badestelle/-/details/191","pct":{"ecoli":72,"entero":62,"temp":65},"pct_n":{"ecoli":292,"entero":292,"temp":292}}},{"type":"Feature","geometry":{"type":"Point","coordinates":[13.518476,52.110529]},"properties":{"id":"BB-198","name":"Lindenbrück OT Zesch, Großer Zeschsee","region":"brandenburg","area":"Teltow-Fläming","water":"Großer Zeschsee","status":"green","status_label":"Zum Baden geeignet","date":"2026-07-28","temp":22.0,"visibility":"1,5","ecoli":"143","entero":"61","coliform":null,"bacteriology":"keine Beanstandungen","warn":null,"info":null,"forecast":null,"eu_class":"ausgezeichnet","amenities":{"wc":"ja (mobil)","gastro":"nein","rettung":"nein","abfall":"ja","strand":"Sand/Kies"},"link":"https://badestellen.brandenburg.de/badestelle/-/details/198","pct":{"ecoli":11,"entero":9,"visibility":57,"temp":70},"pct_n":{"ecoli":292,"entero":292,"visibility":290,"temp":292}}},{"type":"Feature","geometry":{"type":"Point","coordinates":[12.7868,53.15347]},"properties":{"id":"BB-270","name":"Flecken Zechlin, An der alten Schneidemühle, Großer Zechliner See","region":"brandenburg","area":"Ostprignitz-Ruppin","water":"Großer Zechliner See","status":"green","status_label":"Zum Baden geeignet","date":"2026-07-29","temp":20.0,"visibility":"2,0","ecoli":"15","entero":"15","coliform":null,"bacteriology":"keine Beanstandungen","warn":null,"info":null,"forecast":null,"eu_class":"ausgezeichnet","amenities":{"wc":"nein","gastro":"nein","rettung":"nein","abfall":"ja","strand":"Wiese"},"link":"https://badestellen.brandenburg.de/badestelle/-/details/270","pct":{"ecoli":72,"entero":62,"visibility":75,"temp":5},"pct_n":{"ecoli":292,"entero":292,"visibility":290,"temp":292}}},{"type":"Feature","geometry":{"type":"Point","coordinates":[13.4672,52.1575]},"properties":{"id":"BB-197","name":"Wünsdorf, Strandbad, Großer Wünsdorfer See","region":"brandenburg","area":"Teltow-Fläming","water":"Großer Wünsdorfer See","status":"green","status_label":"Zum Baden geeignet","date":"2026-07-28","temp":21.4,"visibility":"1,7","ecoli":"15","entero":"15","coliform":null,"bacteriology":"keine Beanstandungen","warn":null,"info":null,"forecast":null,"eu_class":"ausgezeichnet","amenities":{"wc":"zeitweise","gastro":"ja","rettung":"nein","abfall":"ja","strand":"Sand/Wiese"},"link":"https://badestellen.brandenburg.de/badestelle/-/details/197","pct":{"ecoli":72,"entero":62,"visibility":63,"temp":53},"pct_n":{"ecoli":292,"entero":292,"visibility":290,"temp":292}}},{"type":"Feature","geometry":{"type":"Point","coordinates":[13.463449,52.146196]},"properties":{"id":"BB-196","name":"Wünsdorf, Strand Neuhof, Großer Wünsdorfer See","region":"brandenburg","area":"Teltow-Fläming","water":"Großer Wünsdorfer See","status":"green","status_label":"Zum Baden geeignet","date":"2026-07-28","temp":21.8,"visibility":"0,9","ecoli":"61","entero":"15","coliform":null,"bacteriology":"keine Beanstandungen","warn":null,"info":null,"forecast":null,"eu_class":"ausgezeichnet","amenities":{"wc":"ja (mobil)","gastro":"nein","rettung":"nein","abfall":"ja","strand":"Kies"},"link":"https://badestellen.brandenburg.de/badestelle/-/details/196","pct":{"ecoli":26,"entero":62,"visibility":22,"temp":65},"pct_n":{"ecoli":292,"entero":292,"visibility":290,"temp":292}}},{"type":"Feature","geometry":{"type":"Point","coordinates":[13.611426,52.77407]},"properties":{"id":"BB-6","name":"Biesenthal, Strandbad, Großer Wukensee","region":"brandenburg","area":"Barnim","water":"Großer Wukensee","status":"green","status_label":"Zum Baden geeignet","date":"2026-07-28","temp":22.1,"visibility":"3,5","ecoli":"179","entero":"15","coliform":null,"bacteriology":"keine Beanstandungen","warn":null,"info":null,"forecast":null,"eu_class":"ausgezeichnet","amenities":{"wc":"ja","gastro":"ja","rettung":"ja","abfall":"ja","strand":"Sand/Wiese"},"link":"https://badestellen.brandenburg.de/badestelle/-/details/6","pct":{"ecoli":8,"entero":62,"visibility":97,"temp":73},"pct_n":{"ecoli":292,"entero":292,"visibility":290,"temp":292}}},{"type":"Feature","geometry":{"type":"Point","coordinates":[12.407639,52.403032]},"properties":{"id":"BB-21","name":"Wendseeufer, Großer Wendsee","region":"brandenburg","area":"Brandenburg a.d.H.","water":"Großer Wendsee","status":"green","status_label":"Zum Baden geeignet","date":"2026-07-27","temp":21.1,"visibility":"0,8","ecoli":"179","entero":"61","coliform":null,"bacteriology":"keine Beanstandungen","warn":null,"info":null,"forecast":null,"eu_class":"ausgezeichnet","amenities":{"wc":"ja","gastro":"nein","rettung":"nein","abfall":"ja","strand":"Sand"},"link":"https://badestellen.brandenburg.de/badestelle/-/details/21","pct":{"ecoli":8,"entero":9,"visibility":17,"temp":44},"pct_n":{"ecoli":292,"entero":292,"visibility":290,"temp":292}}},{"type":"Feature","geometry":{"type":"Point","coordinates":[13.516717,53.215577]},"properties":{"id":"BB-225","name":"Warthe, Großer Warthesee","region":"brandenburg","area":"Uckermark","water":"Großer Warthesee","status":"green","status_label":"Zum Baden geeignet","date":"2026-07-27","temp":20.2,"visibility":"2,8","ecoli":"15","entero":"15","coliform":null,"bacteriology":"keine Beanstandungen","warn":null,"info":null,"forecast":null,"eu_class":"ausgezeichnet","amenities":{"wc":"nein","gastro":"nein","rettung":"nein","abfall":"ja","strand":"Sand/Wiese"},"link":"https://badestellen.brandenburg.de/badestelle/-/details/225","pct":{"ecoli":72,"entero":62,"visibility":89,"temp":9},"pct_n":{"ecoli":292,"entero":292,"visibility":290,"temp":292}}},{"type":"Feature","geometry":{"type":"Point","coordinates":[13.550904,53.006008]},"properties":{"id":"BB-224","name":"Groß Väter, Großer Vätersee","region":"brandenburg","area":"Uckermark","water":"Großer Vätersee","status":"green","status_label":"Zum Baden geeignet","date":"2026-08-03","temp":22.4,"visibility":"3,5","ecoli":"15","entero":"15","coliform":null,"bacteriology":"keine Beanstandungen","warn":null,"info":null,"forecast":null,"eu_class":"ausgezeichnet","amenities":{"wc":"nein","gastro":"nein","rettung":"nein","abfall":"ja","strand":"Sand/Wiese"},"link":"https://badestellen.brandenburg.de/badestelle/-/details/224","pct":{"ecoli":72,"entero":62,"visibility":97,"temp":77},"pct_n":{"ecoli":292,"entero":292,"visibility":290,"temp":292}}},{"type":"Feature","geometry":{"type":"Point","coordinates":[14.456158,52.136763]},"properties":{"id":"BB-81","name":"Bremsdorf, Zeltplatz, Großer Treppelsee","region":"brandenburg","area":"Oder-Spree","water":"Großer Treppelsee","status":"yellow","status_label":"Beanstandet – Warnhinweise beachten","date":"2026-07-29","temp":20.3,"visibility":"0,4","ecoli":"61","entero":"15","coliform":null,"bacteriology":"keine Beanstandungen","warn":"Gefahr der Blaualgenmassenentwic...","info":null,"forecast":null,"eu_class":"ausgezeichnet","amenities":{"wc":"ja","gastro":"ja","rettung":"nein","abfall":"ja","strand":"Sand/Wiese"},"link":"https://badestellen.brandenburg.de/badestelle/-/details/81","pct":{"ecoli":26,"entero":62,"visibility":2,"temp":10},"pct_n":{"ecoli":292,"entero":292,"visibility":290,"temp":292}}},{"type":"Feature","geometry":{"type":"Point","coordinates":[14.376014,52.400081]},"properties":{"id":"BB-271","name":"Petershagen, Großer Trepliner See","region":"brandenburg","area":"Märkisch-Oderland","water":"Großer Trepliner See","status":"green","status_label":"Zum Baden geeignet","date":"2026-07-29","temp":21.7,"visibility":"2,0","ecoli":"15","entero":"15","coliform":null,"bacteriology":"keine Beanstandungen","warn":null,"info":null,"forecast":null,"eu_class":"ausgezeichnet","amenities":{"wc":"ja","gastro":"ja","rettung":"nein","abfall":"ja","strand":"Sand/Wiese"},"link":"https://badestellen.brandenburg.de/badestelle/-/details/271","pct":{"ecoli":72,"entero":62,"visibility":75,"temp":62},"pct_n":{"ecoli":292,"entero":292,"visibility":290,"temp":292}}},{"type":"Feature","geometry":{"type":"Point","coordinates":[13.824889,52.500404]},"properties":{"id":"BB-117","name":"Hennickendorf, Großer Stienitzsee","region":"brandenburg","area":"Märkisch-Oderland","water":"Großer Stienitzsee","status":"green","status_label":"Zum Baden geeignet","date":"2026-07-29","temp":21.0,"visibility":"1,5","ecoli":"15","entero":"15","coliform":null,"bacteriology":"keine Beanstandungen","warn":"Barrierefreies Bad","info":null,"forecast":null,"eu_class":"ausgezeichnet","amenities":{"wc":"ja","gastro":"ja","rettung":"nein","abfall":"ja","strand":"Sand/Wiese"},"link":"https://badestellen.brandenburg.de/badestelle/-/details/117","pct":{"ecoli":72,"entero":62,"visibility":57,"temp":37},"pct_n":{"ecoli":292,"entero":292,"visibility":290,"temp":292}}},{"type":"Feature","geometry":{"type":"Point","coordinates":[13.042276,53.148569]},"properties":{"id":"BB-132","name":"Gransee Gem. Stechlin OT Neuglobsow, Großer Stechlinsee","region":"brandenburg","area":"Oberhavel","water":"Großer Stechlinsee","status":"green","status_label":"Zum Baden geeignet","date":"2026-07-27","temp":19.3,"visibility":"1,0","ecoli":"15","entero":"15","coliform":null,"bacteriology":"keine Beanstandungen","warn":null,"info":null,"forecast":null,"eu_class":"ausgezeichnet","amenities":{"wc":"ja","gastro":"ja","rettung":"nein","abfall":"ja","strand":"Sand Wiese"},"link":"https://badestellen.brandenburg.de/badestelle/-/details/132","pct":{"ecoli":72,"entero":62,"visibility":33,"temp":1},"pct_n":{"ecoli":292,"entero":292,"visibility":290,"temp":292}}},{"type":"Feature","geometry":{"type":"Point","coordinates":[13.580259,53.393521]},"properties":{"id":"BB-223","name":"Fürstenwerder, Großer See","region":"brandenburg","area":"Uckermark","water":"Großer See","status":"green","status_label":"Zum Baden geeignet","date":"2026-07-28","temp":19.4,"visibility":"1,0","ecoli":"15","entero":"15","coliform":null,"bacteriology":"keine Beanstandungen","warn":null,"info":null,"forecast":null,"eu_class":"ausgezeichnet","amenities":{"wc":"nein","gastro":"nein","rettung":"nein","abfall":"ja","strand":"Sand/Wiese"},"link":"https://badestellen.brandenburg.de/badestelle/-/details/223","pct":{"ecoli":72,"entero":62,"visibility":33,"temp":1},"pct_n":{"ecoli":292,"entero":292,"visibility":290,"temp":292}}},{"type":"Feature","geometry":{"type":"Point","coordinates":[13.987822,53.248485]},"properties":{"id":"BB-222","name":"Hohengüstow, Großer See","region":"brandenburg","area":"Uckermark","water":"Großer See","status":"green","status_label":"Zum Baden geeignet","date":"2026-07-27","temp":20.8,"visibility":"1,0","ecoli":"15","entero":"15","coliform":null,"bacteriology":"keine Beanstandungen","warn":null,"info":null,"forecast":null,"eu_class":"ausgezeichnet","amenities":{"wc":"nein","gastro":"nein","rettung":"nein","abfall":"ja","strand":"Sand/Wiese"},"link":"https://badestellen.brandenburg.de/badestelle/-/details/222","pct":{"ecoli":72,"entero":62,"visibility":33,"temp":28},"pct_n":{"ecoli":292,"entero":292,"visibility":290,"temp":292}}},{"type":"Feature","geometry":{"type":"Point","coordinates":[12.885583,53.180127]},"properties":{"id":"BB-154","name":"Kleinzerlang, Großer Prebelowsee","region":"brandenburg","area":"Ostprignitz-Ruppin","water":"Großer Prebelowsee","status":"green","status_label":"Zum Baden geeignet","date":"2026-07-28","temp":20.0,"visibility":"1,0","ecoli":"15","entero":"15","coliform":null,"bacteriology":"keine Beanstandungen","warn":"Badesteganlage für Nutzung vom Betreiber gesperrt!","info":null,"forecast":null,"eu_class":"ausgezeichnet","amenities":{"wc":"nein","gastro":"nein","rettung":"nein","abfall":"ja","strand":"Sand"},"link":"https://badestellen.brandenburg.de/badestelle/-/details/154","pct":{"ecoli":72,"entero":62,"visibility":33,"temp":5},"pct_n":{"ecoli":292,"entero":292,"visibility":290,"temp":292}}},{"type":"Feature","geometry":{"type":"Point","coordinates":[14.415544,52.24239]},"properties":{"id":"BB-80","name":"Müllrose, Strandbad, Großer Müllroser See","region":"brandenburg","area":"Oder-Spree","water":"Großer Müllroser See","status":"green","status_label":"Zum Baden geeignet","date":"2026-07-27","temp":21.0,"visibility":"1,1","ecoli":"15","entero":"15","coliform":null,"bacteriology":"keine Beanstandungen","warn":null,"info":null,"forecast":null,"eu_class":"ausgezeichnet","amenities":{"wc":"ja","gastro":"ja","rettung":"ja (zeitweise)","abfall":"ja","strand":"Sand/Wiese"},"link":"https://badestellen.brandenburg.de/badestelle/-/details/80","pct":{"ecoli":72,"entero":62,"visibility":44,"temp":37},"pct_n":{"ecoli":292,"entero":292,"visibility":290,"temp":292}}},{"type":"Feature","geometry":{"type":"Point","coordinates":[14.422556,52.233569]},"properties":{"id":"BB-79","name":"Müllrose, Freibad, Großer Müllroser See","region":"brandenburg","area":"Oder-Spree","water":"Großer Müllroser See","status":"green","status_label":"Zum Baden geeignet","date":"2026-07-27","temp":20.8,"visibility":"1,1","ecoli":"15","entero":"15","coliform":null,"bacteriology":"mikrobiologisch zu beanstanden","warn":null,"info":null,"forecast":null,"eu_class":"ausgezeichnet","amenities":{"wc":"ja","gastro":"ja","rettung":"ja (zeitweise)","abfall":"ja","strand":"Sand/Wiese"},"link":"https://badestellen.brandenburg.de/badestelle/-/details/79","pct":{"ecoli":72,"entero":62,"visibility":44,"temp":28},"pct_n":{"ecoli":292,"entero":292,"visibility":290,"temp":292}}},{"type":"Feature","geometry":{"type":"Point","coordinates":[13.300914,53.202275]},"properties":{"id":"BB-221","name":"Lychen, Strandbad, Großer Lychensee","region":"brandenburg","area":"Uckermark","water":"Großer Lychensee","status":"green","status_label":"Zum Baden geeignet","date":"2026-07-30","temp":21.9,"visibility":"2,0","ecoli":"77","entero":"15","coliform":null,"bacteriology":"keine Beanstandungen","warn":null,"info":null,"forecast":null,"eu_class":"ausgezeichnet","amenities":{"wc":"ja","gastro":"ja","rettung":"nein","abfall":"ja","strand":"Sand/Wiese"},"link":"https://badestellen.brandenburg.de/badestelle/-/details/221","pct":{"ecoli":21,"entero":62,"visibility":75,"temp":67},"pct_n":{"ecoli":292,"entero":292,"visibility":290,"temp":292}}},{"type":"Feature","geometry":{"type":"Point","coordinates":[13.980078,53.207966]},"properties":{"id":"BB-220","name":"Gramzow, Großer Kuhsee","region":"brandenburg","area":"Uckermark","water":"Großer Kuhsee","status":"green","status_label":"Zum Baden geeignet","date":"2026-07-27","temp":20.7,"visibility":"1,0","ecoli":"46","entero":"15","coliform":null,"bacteriology":"keine Beanstandungen","warn":null,"info":null,"forecast":null,"eu_class":"ausgezeichnet","amenities":{"wc":"ja","gastro":"nein","rettung":"nein","abfall":"ja","strand":"Sand/Wiese"},"link":"https://badestellen.brandenburg.de/badestelle/-/details/220","pct":{"ecoli":32,"entero":62,"visibility":33,"temp":24},"pct_n":{"ecoli":292,"entero":292,"visibility":290,"temp":292}}},{"type":"Feature","geometry":{"type":"Point","coordinates":[13.304078,53.245366]},"properties":{"id":"BB-219","name":"Rutenberg, Großer Kronsee","region":"brandenburg","area":"Uckermark","water":"Großer Kronsee","status":"green","status_label":"Zum Baden geeignet","date":"2026-07-30","temp":21.4,"visibility":"4,0","ecoli":"15","entero":"15","coliform":null,"bacteriology":"keine Beanstandungen","warn":null,"info":null,"forecast":null,"eu_class":"ausgezeichnet","amenities":{"wc":"ja","gastro":"nein","rettung":"nein","abfall":"ja","strand":"Sand/Wiese"},"link":"https://badestellen.brandenburg.de/badestelle/-/details/219","pct":{"ecoli":72,"entero":62,"visibility":98,"temp":53},"pct_n":{"ecoli":292,"entero":292,"visibility":290,"temp":292}}},{"type":"Feature","geometry":{"type":"Point","coordinates":[13.7521,53.0893]},"properties":{"id":"BB-267","name":"Temmen-Ringenwalde, Großer Krinertsee","region":"brandenburg","area":"Uckermark","water":"Großer Krinertsee","status":"green","status_label":"Zum Baden geeignet","date":"2026-07-28","temp":20.9,"visibility":"1,5","ecoli":"15","entero":"15","coliform":null,"bacteriology":"keine Beanstandungen","warn":null,"info":null,"forecast":null,"eu_class":"ausgezeichnet","amenities":{"wc":"nein","gastro":"nein","rettung":"nein","abfall":"ja","strand":"Sand/Wiese"},"link":"https://badestellen.brandenburg.de/badestelle/-/details/267","pct":{"ecoli":72,"entero":62,"visibility":57,"temp":32},"pct_n":{"ecoli":292,"entero":292,"visibility":290,"temp":292}}},{"type":"Feature","geometry":{"type":"Point","coordinates":[14.127994,52.554209]},"properties":{"id":"BB-116","name":"Münchehofe, Großer Klobichsee","region":"brandenburg","area":"Märkisch-Oderland","water":"Großer Klobichsee","status":"green","status_label":"Zum Baden geeignet","date":"2026-07-29","temp":21.0,"visibility":"2,0","ecoli":"30","entero":"15","coliform":null,"bacteriology":"keine Beanstandungen","warn":null,"info":null,"forecast":null,"eu_class":"ausgezeichnet","amenities":{"wc":"nein","gastro":"nein","rettung":"nein","abfall":"ja","strand":"Wiese"},"link":"https://badestellen.brandenburg.de/badestelle/-/details/116","pct":{"ecoli":40,"entero":62,"visibility":75,"temp":37},"pct_n":{"ecoli":292,"entero":292,"visibility":290,"temp":292}}},{"type":"Feature","geometry":{"type":"Point","coordinates":[14.082765,52.543915]},"properties":{"id":"BB-115","name":"Waldsieversdorf, Volksbad, Großer Däbersee","region":"brandenburg","area":"Märkisch-Oderland","water":"Großer Däbersee","status":"green","status_label":"Zum Baden geeignet","date":"2026-07-29","temp":21.3,"visibility":"2,0","ecoli":"15","entero":"15","coliform":null,"bacteriology":"keine Beanstandungen","warn":null,"info":null,"forecast":null,"eu_class":"ausgezeichnet","amenities":{"wc":"ja","gastro":"ja","rettung":"ja","abfall":"ja","strand":"Wiese/Sand"},"link":"https://badestellen.brandenburg.de/badestelle/-/details/115","pct":{"ecoli":72,"entero":62,"visibility":75,"temp":49},"pct_n":{"ecoli":292,"entero":292,"visibility":290,"temp":292}}},{"type":"Feature","geometry":{"type":"Point","coordinates":[13.3809,53.1049]},"properties":{"id":"BB-279","name":"Templin, OT Beutel, Großer Beutelsee","region":"brandenburg","area":"Uckermark","water":"Großer Beutelsee","status":"green","status_label":"Zum Baden geeignet","date":"2026-07-29","temp":21.2,"visibility":"1,3","ecoli":"15","entero":"15","coliform":null,"bacteriology":"keine Beanstandungen","warn":null,"info":null,"forecast":null,"eu_class":"ausgezeichnet","amenities":{"wc":"nein","gastro":"nein","rettung":"nein","abfall":"ja","strand":"Sand/Wiese"},"link":"https://badestellen.brandenburg.de/badestelle/-/details/279","pct":{"ecoli":72,"entero":62,"visibility":51,"temp":47},"pct_n":{"ecoli":292,"entero":292,"visibility":290,"temp":292}}},{"type":"Feature","geometry":{"type":"Point","coordinates":[13.151513,52.838931]},"properties":{"id":"BB-131","name":"Löwenberger Land OT Neuendorf, Große Plötze","region":"brandenburg","area":"Oberhavel","water":"Große Plötze","status":"green","status_label":"Zum Baden geeignet","date":"2026-07-27","temp":21.5,"visibility":"1,0","ecoli":"30","entero":"15","coliform":null,"bacteriology":"keine Beanstandungen","warn":null,"info":null,"forecast":null,"eu_class":"ausgezeichnet","amenities":{"wc":"nein","gastro":"nein","rettung":"nein","abfall":"ja","strand":"Wiese/Sand"},"link":"https://badestellen.brandenburg.de/badestelle/-/details/131","pct":{"ecoli":40,"entero":62,"visibility":33,"temp":57},"pct_n":{"ecoli":292,"entero":292,"visibility":290,"temp":292}}},{"type":"Feature","geometry":{"type":"Point","coordinates":[14.0404,52.0406]},"properties":{"id":"BB-46","name":"Groß Leuthen, Groß Leuthener See","region":"brandenburg","area":"Dahme-Spreewald","water":"Groß Leuthener See","status":"green","status_label":"Zum Baden geeignet","date":"2026-06-29","temp":25.9,"visibility":"1,0","ecoli":"15","entero":"15","coliform":null,"bacteriology":"keine Beanstandungen","warn":null,"info":null,"forecast":null,"eu_class":"ausgezeichnet","amenities":{"wc":"ja","gastro":"ja","rettung":"nein","abfall":"ja","strand":"Sand/Wiese"},"link":"https://badestellen.brandenburg.de/badestelle/-/details/46","pct":{"ecoli":72,"entero":62,"visibility":33,"temp":90},"pct_n":{"ecoli":292,"entero":292,"visibility":290,"temp":292}}},{"type":"Feature","geometry":{"type":"Point","coordinates":[13.1083,52.4654]},"properties":{"id":"BB-275","name":"An der Badewiese, Groß Glienicker See","region":"brandenburg","area":"Potsdam","water":"Groß Glienicker See","status":"green","status_label":"Zum Baden geeignet","date":"2026-07-28","temp":21.5,"visibility":"2,0","ecoli":"179","entero":"110","coliform":null,"bacteriology":"keine Beanstandungen","warn":null,"info":null,"forecast":null,"eu_class":"ausgezeichnet","amenities":{"wc":"nein","gastro":"ja","rettung":"nein","abfall":"ja","strand":"Sand/Wiese"},"link":"https://badestellen.brandenburg.de/badestelle/-/details/275","pct":{"ecoli":8,"entero":4,"visibility":75,"temp":57},"pct_n":{"ecoli":292,"entero":292,"visibility":290,"temp":292}}},{"type":"Feature","geometry":{"type":"Point","coordinates":[13.762162,52.979141]},"properties":{"id":"BB-5","name":"Joachimsthal, Liegewiese, Grimnitzsee","region":"brandenburg","area":"Barnim","water":"Grimnitzsee","status":"yellow","status_label":"Beanstandet – Warnhinweise beachten","date":"2026-07-27","temp":20.7,"visibility":"2,0","ecoli":"15","entero":"15","coliform":null,"bacteriology":"keine Beanstandungen","warn":"Auftreten von Badedermatitis durch Zerkarien (Juckreiz, Hautausschlag), Hinweise an der Badestelle beachten!","info":null,"forecast":null,"eu_class":"ausgezeichnet","amenities":{"wc":"nein","gastro":"nein","rettung":"nein","abfall":"ja","strand":"Sand/Wiese"},"link":"https://badestellen.brandenburg.de/badestelle/-/details/5","pct":{"ecoli":72,"entero":62,"visibility":75,"temp":24},"pct_n":{"ecoli":292,"entero":292,"visibility":290,"temp":292}}},{"type":"Feature","geometry":{"type":"Point","coordinates":[13.766239,52.972504]},"properties":{"id":"BB-4","name":"Joachimsthal, Feriendorf, Grimnitzsee","region":"brandenburg","area":"Barnim","water":"Grimnitzsee","status":"yellow","status_label":"Beanstandet – Warnhinweise beachten","date":"2026-07-27","temp":20.5,"visibility":"2,0","ecoli":"15","entero":"15","coliform":null,"bacteriology":"keine Beanstandungen","warn":"Auftreten von Badedermatitis durch Zerkarien (Juckreiz, Hautausschlag), Hinweise an der Badestelle beachten!","info":null,"forecast":null,"eu_class":"ausgezeichnet","amenities":{"wc":"ja (Trocken- oder Dixitoilette)","gastro":"nein","rettung":"nein","abfall":"ja","strand":"Wiese"},"link":"https://badestellen.brandenburg.de/badestelle/-/details/4","pct":{"ecoli":72,"entero":62,"visibility":75,"temp":16},"pct_n":{"ecoli":292,"entero":292,"visibility":290,"temp":292}}},{"type":"Feature","geometry":{"type":"Point","coordinates":[12.892504,53.108853]},"properties":{"id":"BB-153","name":"Rheinsberg, Grienericksee","region":"brandenburg","area":"Ostprignitz-Ruppin","water":"Grienericksee","status":"green","status_label":"Zum Baden geeignet","date":"2026-07-28","temp":20.0,"visibility":"1,6","ecoli":"30","entero":"126","coliform":null,"bacteriology":"keine Beanstandungen","warn":null,"info":null,"forecast":null,"eu_class":"ausgezeichnet","amenities":{"wc":"ja","gastro":"ja","rettung":"ja","abfall":"ja","strand":"Kies"},"link":"https://badestellen.brandenburg.de/badestelle/-/details/153","pct":{"ecoli":40,"entero":4,"visibility":62,"temp":5},"pct_n":{"ecoli":292,"entero":292,"visibility":290,"temp":292}}},{"type":"Feature","geometry":{"type":"Point","coordinates":[14.1033,51.6924]},"properties":{"id":"BB-278","name":"Reddern, Gräbendorfer See","region":"brandenburg","area":"Oberspreewald-Lausitz","water":"Gräbendorfer See","status":"green","status_label":"Zum Baden geeignet","date":"2026-07-27","temp":20.6,"visibility":"2,5","ecoli":"15","entero":"15","coliform":null,"bacteriology":"keine Beanstandungen","warn":null,"info":null,"forecast":null,"eu_class":"ausgezeichnet","amenities":{"wc":"ja","gastro":"ja","rettung":"nein","abfall":"ja","strand":"Sand/Wiese"},"link":"https://badestellen.brandenburg.de/badestelle/-/details/278","pct":{"ecoli":72,"entero":62,"visibility":86,"temp":20},"pct_n":{"ecoli":292,"entero":292,"visibility":290,"temp":292}}},{"type":"Feature","geometry":{"type":"Point","coordinates":[14.0957,51.7103]},"properties":{"id":"BB-277","name":"Laasow/Wüstenhain, Gräbendorfer See","region":"brandenburg","area":"Oberspreewald-Lausitz","water":"Gräbendorfer See","status":"green","status_label":"Zum Baden geeignet","date":"2026-07-27","temp":20.5,"visibility":"2,5","ecoli":"30","entero":"30","coliform":null,"bacteriology":"keine Beanstandungen","warn":null,"info":null,"forecast":null,"eu_class":"ausgezeichnet","amenities":{"wc":"ja","gastro":"ja","rettung":"nein","abfall":"ja","strand":"Sand/Wiese"},"link":"https://badestellen.brandenburg.de/badestelle/-/details/277","pct":{"ecoli":40,"entero":20,"visibility":86,"temp":16},"pct_n":{"ecoli":292,"entero":292,"visibility":290,"temp":292}}},{"type":"Feature","geometry":{"type":"Point","coordinates":[13.263874,52.086769]},"properties":{"id":"BB-195","name":"Gottow, Strand, Gottower See","region":"brandenburg","area":"Teltow-Fläming","water":"Gottower See","status":"green","status_label":"Zum Baden geeignet","date":"2026-07-28","temp":20.7,"visibility":"0,7","ecoli":"15","entero":"15","coliform":null,"bacteriology":"keine Beanstandungen","warn":null,"info":null,"forecast":null,"eu_class":"ausgezeichnet","amenities":{"wc":"ja (mobil)","gastro":"nein","rettung":"nein","abfall":"ja","strand":"Kies/Wiese"},"link":"https://badestellen.brandenburg.de/badestelle/-/details/195","pct":{"ecoli":72,"entero":62,"visibility":13,"temp":24},"pct_n":{"ecoli":292,"entero":292,"visibility":290,"temp":292}}},{"type":"Feature","geometry":{"type":"Point","coordinates":[13.47416,52.686352]},"properties":{"id":"BB-3","name":"Schönwalde, Badewiese am Campingplatz, Gorinsee","region":"brandenburg","area":"Barnim","water":"Gorinsee","status":"green","status_label":"Zum Baden geeignet","date":"2026-07-28","temp":23.2,"visibility":"1,2","ecoli":"15","entero":"15","coliform":null,"bacteriology":"keine Beanstandungen","warn":null,"info":null,"forecast":null,"eu_class":"ausgezeichnet","amenities":{"wc":"ja","gastro":"ja","rettung":"nein","abfall":"nein","strand":"Wiese"},"link":"https://badestellen.brandenburg.de/badestelle/-/details/3","pct":{"ecoli":72,"entero":62,"visibility":48,"temp":82},"pct_n":{"ecoli":292,"entero":292,"visibility":290,"temp":292}}},{"type":"Feature","geometry":{"type":"Point","coordinates":[13.60058,53.048371]},"properties":{"id":"BB-218","name":"Gollin, Gollinsee","region":"brandenburg","area":"Uckermark","water":"Gollinsee","status":"green","status_label":"Zum Baden geeignet","date":"2026-08-03","temp":22.1,"visibility":"5,0","ecoli":"15","entero":"15","coliform":null,"bacteriology":"keine Beanstandungen","warn":null,"info":null,"forecast":null,"eu_class":"ausgezeichnet","amenities":{"wc":"nein","gastro":"nein","rettung":"nein","abfall":"ja","strand":"Sand/Wiese"},"link":"https://badestellen.brandenburg.de/badestelle/-/details/218","pct":{"ecoli":72,"entero":62,"visibility":99,"temp":73},"pct_n":{"ecoli":292,"entero":292,"visibility":290,"temp":292}}},{"type":"Feature","geometry":{"type":"Point","coordinates":[14.199918,52.090348]},"properties":{"id":"BB-77","name":"Leißnitz OT Glowe, Glower See","region":"brandenburg","area":"Oder-Spree","water":"Glower See","status":"green","status_label":"Zum Baden geeignet","date":"2026-07-27","temp":20.6,"visibility":"0,5","ecoli":"15","entero":"15","coliform":null,"bacteriology":"keine Beanstandungen","warn":null,"info":null,"forecast":null,"eu_class":"ausgezeichnet","amenities":{"wc":"ja","gastro":"ja","rettung":"nein","abfall":"ja","strand":"Wiese"},"link":"https://badestellen.brandenburg.de/badestelle/-/details/77","pct":{"ecoli":72,"entero":62,"visibility":6,"temp":20},"pct_n":{"ecoli":292,"entero":292,"visibility":290,"temp":292}}},{"type":"Feature","geometry":{"type":"Point","coordinates":[12.939275,52.359548]},"properties":{"id":"BB-185","name":"Werder, Blütencamping \"Riegelspitze\", Glindower See","region":"brandenburg","area":"Potsdam-Mittelmark","water":"Glindower See","status":"green","status_label":"Zum Baden geeignet","date":"2026-07-27","temp":21.7,"visibility":"1,0","ecoli":"110","entero":"61","coliform":null,"bacteriology":"keine Beanstandungen","warn":null,"info":null,"forecast":null,"eu_class":"ausgezeichnet","amenities":{"wc":"ja","gastro":"ja","rettung":"nein","abfall":"ja","strand":"Sand"},"link":"https://badestellen.brandenburg.de/badestelle/-/details/185","pct":{"ecoli":14,"entero":9,"visibility":33,"temp":62},"pct_n":{"ecoli":292,"entero":292,"visibility":290,"temp":292}}},{"type":"Feature","geometry":{"type":"Point","coordinates":[12.916878,52.361421]},"properties":{"id":"BB-184","name":"Strandbad Glindow, Glindower See","region":"brandenburg","area":"Potsdam-Mittelmark","water":"Glindower See","status":"green","status_label":"Zum Baden geeignet","date":"2026-07-27","temp":21.7,"visibility":"2,0","ecoli":"15","entero":"15","coliform":null,"bacteriology":"keine Beanstandungen","warn":null,"info":null,"forecast":null,"eu_class":"ausgezeichnet","amenities":{"wc":"ja","gastro":"ja","rettung":"nein","abfall":"ja","strand":"Wiese"},"link":"https://badestellen.brandenburg.de/badestelle/-/details/184","pct":{"ecoli":72,"entero":62,"visibility":75,"temp":62},"pct_n":{"ecoli":292,"entero":292,"visibility":290,"temp":292}}},{"type":"Feature","geometry":{"type":"Point","coordinates":[13.043287,52.170527]},"properties":{"id":"BB-194","name":"Camp Dobbrikow, Glieniksee","region":"brandenburg","area":"Teltow-Fläming","water":"Glieniksee","status":"green","status_label":"Zum Baden geeignet","date":"2026-07-29","temp":22.9,"visibility":"1,5","ecoli":"15","entero":"15","coliform":null,"bacteriology":"keine Beanstandungen","warn":null,"info":null,"forecast":null,"eu_class":"ausgezeichnet","amenities":{"wc":"ja","gastro":"ja","rettung":"nein","abfall":"ja","strand":"Sand/Kies"},"link":"https://badestellen.brandenburg.de/badestelle/-/details/194","pct":{"ecoli":72,"entero":62,"visibility":57,"temp":79},"pct_n":{"ecoli":292,"entero":292,"visibility":290,"temp":292}}},{"type":"Feature","geometry":{"type":"Point","coordinates":[13.540212,53.151355]},"properties":{"id":"BB-217","name":"Klosterwalde, Zeltplatz, Gleuensee","region":"brandenburg","area":"Uckermark","water":"Gleuensee","status":"green","status_label":"Zum Baden geeignet","date":"2026-07-27","temp":21.1,"visibility":"0,9","ecoli":"15","entero":"15","coliform":null,"bacteriology":"keine Beanstandungen","warn":null,"info":null,"forecast":null,"eu_class":"ausgezeichnet","amenities":{"wc":"ja","gastro":"ja","rettung":"nein","abfall":"ja","strand":"Sand/Wiese"},"link":"https://badestellen.brandenburg.de/badestelle/-/details/217","pct":{"ecoli":72,"entero":62,"visibility":22,"temp":44},"pct_n":{"ecoli":292,"entero":292,"visibility":290,"temp":292}}},{"type":"Feature","geometry":{"type":"Point","coordinates":[13.850849,52.678069]},"properties":{"id":"BB-2","name":"Tiefensee, Waldkiez Tiefensee, Gamensee","region":"brandenburg","area":"Barnim","water":"Gamensee","status":"green","status_label":"Zum Baden geeignet","date":"2026-07-29","temp":21.8,"visibility":"2,0","ecoli":"61","entero":"15","coliform":null,"bacteriology":"keine Beanstandungen","warn":null,"info":null,"forecast":null,"eu_class":"ausgezeichnet","amenities":{"wc":"ja","gastro":"ja","rettung":"nein","abfall":"ja","strand":"Sand/Wiese"},"link":"https://badestellen.brandenburg.de/badestelle/-/details/2","pct":{"ecoli":26,"entero":62,"visibility":75,"temp":65},"pct_n":{"ecoli":292,"entero":292,"visibility":290,"temp":292}}},{"type":"Feature","geometry":{"type":"Point","coordinates":[14.310556,52.419235]},"properties":{"id":"BB-114","name":"Falkenhagen, Gabelsee","region":"brandenburg","area":"Märkisch-Oderland","water":"Gabelsee","status":"green","status_label":"Zum Baden geeignet","date":"2026-07-29","temp":21.8,"visibility":"1,1","ecoli":"15","entero":"15","coliform":null,"bacteriology":"keine Beanstandungen","warn":null,"info":null,"forecast":null,"eu_class":"ausgezeichnet","amenities":{"wc":"ja","gastro":"ja","rettung":"nein","abfall":"ja","strand":"Wiese"},"link":"https://badestellen.brandenburg.de/badestelle/-/details/114","pct":{"ecoli":72,"entero":62,"visibility":44,"temp":65},"pct_n":{"ecoli":292,"entero":292,"visibility":290,"temp":292}}},{"type":"Feature","geometry":{"type":"Point","coordinates":[14.4534,52.6055]},"properties":{"id":"BB-113","name":"Zechin, Freibad Zechin","region":"brandenburg","area":"Märkisch-Oderland","water":"Freibad Zechin","status":"green","status_label":"Zum Baden geeignet","date":"2026-07-28","temp":21.0,"visibility":"1,2","ecoli":"61","entero":"77","coliform":null,"bacteriology":"keine Beanstandungen","warn":null,"info":null,"forecast":null,"eu_class":"ausgezeichnet","amenities":{"wc":"ja","gastro":"ja","rettung":"ja (zeitweise)","abfall":"ja","strand":"Sand/Wiese"},"link":"https://badestellen.brandenburg.de/badestelle/-/details/113","pct":{"ecoli":26,"entero":6,"visibility":48,"temp":37},"pct_n":{"ecoli":292,"entero":292,"visibility":290,"temp":292}}},{"type":"Feature","geometry":{"type":"Point","coordinates":[13.730601,52.222239]},"properties":{"id":"BB-44","name":"KiEZ \"Frauensee\", Gräbendorf, Frauensee","region":"brandenburg","area":"Dahme-Spreewald","water":"Frauensee","status":"green","status_label":"Zum Baden geeignet","date":"2026-06-29","temp":27.0,"visibility":"0,6","ecoli":"77","entero":"30","coliform":null,"bacteriology":"keine Beanstandungen","warn":null,"info":null,"forecast":null,"eu_class":"ausgezeichnet","amenities":{"wc":"ja","gastro":"nein","rettung":"nein","abfall":"ja","strand":"Sand"},"link":"https://badestellen.brandenburg.de/badestelle/-/details/44","pct":{"ecoli":21,"entero":20,"visibility":10,"temp":94},"pct_n":{"ecoli":292,"entero":292,"visibility":290,"temp":292}}},{"type":"Feature","geometry":{"type":"Point","coordinates":[13.767543,52.434278]},"properties":{"id":"BB-76","name":"Woltersdorf, Zeltplatz E42, Flakensee","region":"brandenburg","area":"Oder-Spree","water":"Flakensee","status":"green","status_label":"Zum Baden geeignet","date":"2026-07-27","temp":20.5,"visibility":"2,0","ecoli":"125","entero":"15","coliform":null,"bacteriology":"keine Beanstandungen","warn":null,"info":null,"forecast":null,"eu_class":"ausgezeichnet","amenities":{"wc":"ja (Dixitoilette)","gastro":"ja","rettung":"nein","abfall":"ja","strand":"Sand"},"link":"https://badestellen.brandenburg.de/badestelle/-/details/76","pct":{"ecoli":12,"entero":62,"visibility":75,"temp":16},"pct_n":{"ecoli":292,"entero":292,"visibility":290,"temp":292}}},{"type":"Feature","geometry":{"type":"Point","coordinates":[13.547924,53.127554]},"properties":{"id":"BB-216","name":"Templin, Campingplatz, Fährsee","region":"brandenburg","area":"Uckermark","water":"Fährsee","status":"green","status_label":"Zum Baden geeignet","date":"2026-07-27","temp":20.6,"visibility":"1,8","ecoli":"272","entero":"15","coliform":null,"bacteriology":"keine Beanstandungen","warn":null,"info":null,"forecast":null,"eu_class":"ausgezeichnet","amenities":{"wc":"ja","gastro":"ja","rettung":"nein","abfall":"ja","strand":"Sand/Wiese"},"link":"https://badestellen.brandenburg.de/badestelle/-/details/216","pct":{"ecoli":4,"entero":62,"visibility":65,"temp":20},"pct_n":{"ecoli":292,"entero":292,"visibility":290,"temp":292}}},{"type":"Feature","geometry":{"type":"Point","coordinates":[13.434302,53.282811]},"properties":{"id":"BB-215","name":"Thomsdorf, Campingplatz, Dreetzsee","region":"brandenburg","area":"Uckermark","water":"Dreetzsee","status":"green","status_label":"Zum Baden geeignet","date":"2026-08-04","temp":23.0,"visibility":"4,0","ecoli":"15","entero":"15","coliform":null,"bacteriology":"keine Beanstandungen","warn":null,"info":null,"forecast":null,"eu_class":"ausgezeichnet","amenities":{"wc":"ja","gastro":"ja","rettung":"nein","abfall":"ja","strand":"Sand/Wiese"},"link":"https://badestellen.brandenburg.de/badestelle/-/details/215","pct":{"ecoli":72,"entero":62,"visibility":98,"temp":80},"pct_n":{"ecoli":292,"entero":292,"visibility":290,"temp":292}}},{"type":"Feature","geometry":{"type":"Point","coordinates":[12.631463,53.179965]},"properties":{"id":"BB-151","name":"Schweinrich, Dranser See","region":"brandenburg","area":"Ostprignitz-Ruppin","water":"Dranser See","status":"green","status_label":"Zum Baden geeignet","date":"2026-07-29","temp":20.0,"visibility":"3,0","ecoli":"30","entero":"15","coliform":null,"bacteriology":"keine Beanstandungen","warn":null,"info":null,"forecast":null,"eu_class":"ausgezeichnet","amenities":{"wc":"ja","gastro":"nein","rettung":"nein","abfall":"ja","strand":"kein Strand"},"link":"https://badestellen.brandenburg.de/badestelle/-/details/151","pct":{"ecoli":40,"entero":62,"visibility":93,"temp":5},"pct_n":{"ecoli":292,"entero":292,"visibility":290,"temp":292}}},{"type":"Feature","geometry":{"type":"Point","coordinates":[14.647672,51.922957]},"properties":{"id":"BB-190","name":"Atterwasch, Deulowitzer See","region":"brandenburg","area":"Spree-Neiße","water":"Deulowitzer See","status":"green","status_label":"Zum Baden geeignet","date":"2026-07-28","temp":22.5,"visibility":"m","ecoli":"15","entero":"15","coliform":null,"bacteriology":"keine Beanstandungen","warn":null,"info":null,"forecast":null,"eu_class":"ausgezeichnet","amenities":{"wc":"ja","gastro":"ja","rettung":"nein","abfall":"ja","strand":"Sand"},"link":"https://badestellen.brandenburg.de/badestelle/-/details/190","pct":{"ecoli":72,"entero":62,"temp":78},"pct_n":{"ecoli":292,"entero":292,"temp":292}}},{"type":"Feature","geometry":{"type":"Point","coordinates":[13.461687,53.288813]},"properties":{"id":"BB-214","name":"Thomsdorf, Carwitzer See","region":"brandenburg","area":"Uckermark","water":"Carwitzer See","status":"green","status_label":"Zum Baden geeignet","date":"2026-08-03","temp":2.0,"visibility":"4,0","ecoli":"15","entero":"15","coliform":null,"bacteriology":"keine Beanstandungen","warn":null,"info":null,"forecast":null,"eu_class":"ausgezeichnet","amenities":{"wc":"nein","gastro":"nein","rettung":"nein","abfall":"ja","strand":"Sand/Wiese"},"link":"https://badestellen.brandenburg.de/badestelle/-/details/214","pct":{"ecoli":72,"entero":62,"visibility":98,"temp":0},"pct_n":{"ecoli":292,"entero":292,"visibility":290,"temp":292}}},{"type":"Feature","geometry":{"type":"Point","coordinates":[14.115501,53.403855]},"properties":{"id":"BB-213","name":"Brüssow, Seebad, Brüssower See","region":"brandenburg","area":"Uckermark","water":"Brüssower See","status":"green","status_label":"Zum Baden geeignet","date":"2026-07-30","temp":21.2,"visibility":"1,3","ecoli":"15","entero":"15","coliform":null,"bacteriology":"keine Beanstandungen","warn":null,"info":null,"forecast":null,"eu_class":"ausgezeichnet","amenities":{"wc":"ja","gastro":"ja","rettung":"ja","abfall":"ja","strand":"Sand/Wiese"},"link":"https://badestellen.brandenburg.de/badestelle/-/details/213","pct":{"ecoli":72,"entero":62,"visibility":51,"temp":47},"pct_n":{"ecoli":292,"entero":292,"visibility":290,"temp":292}}},{"type":"Feature","geometry":{"type":"Point","coordinates":[14.023815,51.963045]},"properties":{"id":"BB-43","name":"Briesensee, Briesener See","region":"brandenburg","area":"Dahme-Spreewald","water":"Briesener See","status":"green","status_label":"Zum Baden geeignet","date":"2026-06-29","temp":28.7,"visibility":"1,5","ecoli":"15","entero":"15","coliform":null,"bacteriology":"keine Beanstandungen","warn":null,"info":null,"forecast":null,"eu_class":"ausgezeichnet","amenities":{"wc":"ja","gastro":"ja","rettung":"nein","abfall":"ja","strand":"Sand"},"link":"https://badestellen.brandenburg.de/badestelle/-/details/43","pct":{"ecoli":72,"entero":62,"visibility":57,"temp":100},"pct_n":{"ecoli":292,"entero":292,"visibility":290,"temp":292}}},{"type":"Feature","geometry":{"type":"Point","coordinates":[12.477937,52.37022]},"properties":{"id":"BB-20","name":"Malge, Breitlingsee","region":"brandenburg","area":"Brandenburg a.d.H.","water":"Breitlingsee","status":"green","status_label":"Zum Baden geeignet","date":"2026-07-27","temp":20.2,"visibility":"1,0","ecoli":"15","entero":"15","coliform":null,"bacteriology":"keine Beanstandungen","warn":null,"info":null,"forecast":null,"eu_class":"ausgezeichnet","amenities":{"wc":"ja","gastro":"nein","rettung":"nein","abfall":"ja","strand":"Sand"},"link":"https://badestellen.brandenburg.de/badestelle/-/details/20","pct":{"ecoli":72,"entero":62,"visibility":33,"temp":9},"pct_n":{"ecoli":292,"entero":292,"visibility":290,"temp":292}}},{"type":"Feature","geometry":{"type":"Point","coordinates":[13.830631,52.558235]},"properties":{"id":"BB-110","name":"Eggersdorf, Strandbad, Bötzsee","region":"brandenburg","area":"Märkisch-Oderland","water":"Bötzsee","status":"green","status_label":"Zum Baden geeignet","date":"2026-07-29","temp":21.0,"visibility":"2,8","ecoli":"30","entero":"15","coliform":null,"bacteriology":"keine Beanstandungen","warn":"Barrierefreies Bad","info":null,"forecast":null,"eu_class":"ausgezeichnet","amenities":{"wc":"ja","gastro":"ja","rettung":"ja","abfall":"ja","strand":"Sand/Wiese"},"link":"https://badestellen.brandenburg.de/badestelle/-/details/110","pct":{"ecoli":40,"entero":62,"visibility":89,"temp":37},"pct_n":{"ecoli":292,"entero":292,"visibility":290,"temp":292}}},{"type":"Feature","geometry":{"type":"Point","coordinates":[13.223,52.697804]},"properties":{"id":"BB-130","name":"Velten, Bernsteinsee","region":"brandenburg","area":"Oberhavel","water":"Bernsteinsee","status":"green","status_label":"Zum Baden geeignet","date":"2026-07-29","temp":21.8,"visibility":"0,8","ecoli":"15","entero":"15","coliform":null,"bacteriology":"keine Beanstandungen","warn":null,"info":null,"forecast":null,"eu_class":"ausgezeichnet","amenities":{"wc":"ja","gastro":"ja","rettung":"ja","abfall":"ja","strand":"Sand/Wiese"},"link":"https://badestellen.brandenburg.de/badestelle/-/details/130","pct":{"ecoli":72,"entero":62,"visibility":17,"temp":65},"pct_n":{"ecoli":292,"entero":292,"visibility":290,"temp":292}}},{"type":"Feature","geometry":{"type":"Point","coordinates":[13.570191,52.822218]},"properties":{"id":"BB-1","name":"Ruhlsdorf, Strand, Bernsteinsee","region":"brandenburg","area":"Barnim","water":"Bernsteinsee","status":"green","status_label":"Zum Baden geeignet","date":"2026-07-28","temp":21.7,"visibility":"3,0","ecoli":"61","entero":"15","coliform":null,"bacteriology":"keine Beanstandungen","warn":null,"info":null,"forecast":null,"eu_class":"ausgezeichnet","amenities":{"wc":"ja (Trocken- oder Dixitoilette)","gastro":"ja","rettung":"nein","abfall":"ja","strand":"Kies"},"link":"https://badestellen.brandenburg.de/badestelle/-/details/1","pct":{"ecoli":26,"entero":62,"visibility":93,"temp":62},"pct_n":{"ecoli":292,"entero":292,"visibility":290,"temp":292}}},{"type":"Feature","geometry":{"type":"Point","coordinates":[12.562726,52.427744]},"properties":{"id":"BB-19","name":"Massowburg, Beetzsee","region":"brandenburg","area":"Brandenburg a.d.H.","water":"Beetzsee","status":"green","status_label":"Zum Baden geeignet","date":"2026-07-30","temp":23.2,"visibility":"0,6","ecoli":"94","entero":"61","coliform":null,"bacteriology":"keine Beanstandungen","warn":null,"info":null,"forecast":null,"eu_class":"gut","amenities":{"wc":"ja","gastro":"ja","rettung":"nein","abfall":"ja","strand":"Sand"},"link":"https://badestellen.brandenburg.de/badestelle/-/details/19","pct":{"ecoli":17,"entero":9,"visibility":10,"temp":82},"pct_n":{"ecoli":292,"entero":292,"visibility":290,"temp":292}}},{"type":"Feature","geometry":{"type":"Point","coordinates":[12.598848,52.486016]},"properties":{"id":"BB-181","name":"Butzow, Campingplatz, Beetzsee","region":"brandenburg","area":"Potsdam-Mittelmark","water":"Beetzsee","status":"green","status_label":"Zum Baden geeignet","date":"2026-07-27","temp":22.4,"visibility":"1,0","ecoli":"968","entero":"61","coliform":null,"bacteriology":"keine Beanstandungen","warn":null,"info":null,"forecast":null,"eu_class":"ausgezeichnet","amenities":{"wc":"ja","gastro":"ja","rettung":"nein","abfall":"ja","strand":"Sand/Wiese"},"link":"https://badestellen.brandenburg.de/badestelle/-/details/181","pct":{"ecoli":0,"entero":9,"visibility":33,"temp":77},"pct_n":{"ecoli":292,"entero":292,"visibility":290,"temp":292}}},{"type":"Feature","geometry":{"type":"Point","coordinates":[12.564754,52.419042]},"properties":{"id":"BB-266","name":"Grillendamm, Beetzsee","region":"brandenburg","area":"Brandenburg a.d.H.","water":"Beetzsee","status":"green","status_label":"Zum Baden geeignet","date":"2026-07-27","temp":21.0,"visibility":"1,0","ecoli":"110","entero":"61","coliform":null,"bacteriology":"keine Beanstandungen","warn":null,"info":null,"forecast":null,"eu_class":"ausgezeichnet","amenities":{"wc":"ja","gastro":"nein","rettung":"nein","abfall":"ja","strand":"Sand"},"link":"https://badestellen.brandenburg.de/badestelle/-/details/266","pct":{"ecoli":14,"entero":9,"visibility":33,"temp":37},"pct_n":{"ecoli":292,"entero":292,"visibility":290,"temp":292}}},{"type":"Feature","geometry":{"type":"Point","coordinates":[12.665724,52.501123]},"properties":{"id":"BB-182","name":"Gortz, Campingplatz, Beetzsee","region":"brandenburg","area":"Potsdam-Mittelmark","water":"Beetzsee","status":"green","status_label":"Zum Baden geeignet","date":"2026-07-27","temp":22.0,"visibility":"0,5","ecoli":"110","entero":"15","coliform":null,"bacteriology":"keine Beanstandungen","warn":null,"info":null,"forecast":null,"eu_class":"ausgezeichnet","amenities":{"wc":"ja","gastro":"ja","rettung":"nein","abfall":"ja","strand":"Sand/Wiese"},"link":"https://badestellen.brandenburg.de/badestelle/-/details/182","pct":{"ecoli":14,"entero":62,"visibility":6,"temp":70},"pct_n":{"ecoli":292,"entero":292,"visibility":290,"temp":292}}},{"type":"Feature","geometry":{"type":"Point","coordinates":[12.683807,52.505389]},"properties":{"id":"BB-183","name":"Päwesin, KiEZ Bollmannsruh, Beetzsee","region":"brandenburg","area":"Potsdam-Mittelmark","water":"Beetzsee","status":"green","status_label":"Zum Baden geeignet","date":"2026-07-27","temp":21.9,"visibility":"0,6","ecoli":"46","entero":"46","coliform":null,"bacteriology":"keine Beanstandungen","warn":null,"info":null,"forecast":null,"eu_class":"ausgezeichnet","amenities":{"wc":"ja","gastro":"ja","rettung":"nein","abfall":"ja","strand":"Wiese"},"link":"https://badestellen.brandenburg.de/badestelle/-/details/183","pct":{"ecoli":32,"entero":13,"visibility":10,"temp":67},"pct_n":{"ecoli":292,"entero":292,"visibility":290,"temp":292}}},{"type":"Feature","geometry":{"type":"Point","coordinates":[14.336796,52.571493]},"properties":{"id":"BB-109","name":"Gusow, Baggersee","region":"brandenburg","area":"Märkisch-Oderland","water":"Baggersee","status":"green","status_label":"Zum Baden geeignet","date":"2026-07-28","temp":22.2,"visibility":"1,8","ecoli":"46","entero":"15","coliform":null,"bacteriology":"keine Beanstandungen","warn":null,"info":null,"forecast":null,"eu_class":"ausgezeichnet","amenities":{"wc":"ja","gastro":"ja","rettung":"nein","abfall":"ja","strand":"Sand/Wiese"},"link":"https://badestellen.brandenburg.de/badestelle/-/details/109","pct":{"ecoli":32,"entero":62,"visibility":65,"temp":75},"pct_n":{"ecoli":292,"entero":292,"visibility":290,"temp":292}}},{"type":"Feature","geometry":{"type":"Point","coordinates":[13.577158,51.574016]},"properties":{"id":"BB-25","name":"Rückersdorf, Hauptstrand, Badesee Rückersdorf","region":"brandenburg","area":"Elbe-Elster","water":"Badesee Rückersdorf","status":"green","status_label":"Zum Baden geeignet","date":"2026-07-28","temp":22.3,"visibility":"2,0","ecoli":"15","entero":"61","coliform":null,"bacteriology":"keine Beanstandungen","warn":null,"info":null,"forecast":null,"eu_class":"ausgezeichnet","amenities":{"wc":"ja","gastro":"ja","rettung":"nein","abfall":"ja","strand":"Sand/Kies"},"link":"https://badestellen.brandenburg.de/badestelle/-/details/25","pct":{"ecoli":72,"entero":9,"visibility":75,"temp":76},"pct_n":{"ecoli":292,"entero":292,"visibility":290,"temp":292}}},{"type":"Feature","geometry":{"type":"Point","coordinates":[13.165556,51.791047]},"properties":{"id":"BB-31","name":"Air force Beach, Badesee Brandis","region":"brandenburg","area":"Elbe-Elster","water":"Badesee Brandis","status":"green","status_label":"Zum Baden geeignet","date":"2026-07-29","temp":21.9,"visibility":"1,5","ecoli":"94","entero":"30","coliform":null,"bacteriology":"keine Beanstandungen","warn":null,"info":null,"forecast":null,"eu_class":"ausgezeichnet","amenities":{"wc":"ja","gastro":"ja","rettung":"nein","abfall":"ja","strand":"Sand/Kies"},"link":"https://badestellen.brandenburg.de/badestelle/-/details/31","pct":{"ecoli":17,"entero":20,"visibility":57,"temp":67},"pct_n":{"ecoli":292,"entero":292,"visibility":290,"temp":292}}},{"type":"Feature","geometry":{"type":"Point","coordinates":[13.563383,51.59302]},"properties":{"id":"BB-24","name":"Hauptteich, Badesee Bad Erna, Schönborn OT Lindena","region":"brandenburg","area":"Elbe-Elster","water":"Badesee Bad Erna, Schönborn OT L...","status":"green","status_label":"Zum Baden geeignet","date":"2026-07-28","temp":21.1,"visibility":"1,2","ecoli":"15","entero":"15","coliform":null,"bacteriology":"keine Beanstandungen","warn":null,"info":null,"forecast":null,"eu_class":"ausgezeichnet","amenities":{"wc":"ja","gastro":"ja","rettung":"ja (zeitweise)","abfall":"ja","strand":"Sand/Kies"},"link":"https://badestellen.brandenburg.de/badestelle/-/details/24","pct":{"ecoli":72,"entero":62,"visibility":48,"temp":44},"pct_n":{"ecoli":292,"entero":292,"visibility":290,"temp":292}}}]}